"question_id","selected_option","correct","category"
0,"option 2",true,"Standards specifications"
1,"option 1",false,"Research publications"
2,"option 3",true,"Research publications"
3,"option 4",true,"Standards specifications"
4,"option 4",false,"Standards specifications"
5,"option 1",false,"Research overview"
6,"option 4",false,"Research publications"
7,"option 1",true,"Research overview"
8,"option 2",false,"Research overview"
9,"option 2",true,"Lexicon"
10,"option 1",false,"Research publications"
11,"option 3",true,"Standards specifications"
12,"option 4",true,"Standards specifications"
13,"option 2",false,"Research publications"
14,"option 2",true,"Standards specifications"
15,"option 3",true,"Research publications"
16,"option 5",true,"Research overview"
17,"option 3",true,"Lexicon"
18,"option 1",true,"Research publications"
19,"option 2",true,"Standards overview"
20,"option 2",true,"Standards overview"
21,"option 4",true,"Standards specifications"
22,"option 3",true,"Lexicon"
23,"option 4",true,"Standards overview"
24,"option 1",true,"Research publications"
25,"option 4",true,"Research publications"
26,"option 3",true,"Standards overview"
27,"option 3",false,"Research publications"
28,"option 3",true,"Research publications"
29,"option 2",true,"Standards specifications"
30,"option 1",false,"Standards overview"
31,"option 2",true,"Lexicon"
32,"option 2",true,"Research publications"
33,"option 2",true,"Research publications"
34,"option 5",false,"Research publications"
35,"option 3",true,"Lexicon"
36,"option 3",true,"Lexicon"
37,"option 2",false,"Standards overview"
38,"option 4",false,"Research publications"
39,"option 1",false,"Research publications"
40,"option 3",true,"Research publications"
41,"option 4",true,"Standards specifications"
42,"option 1",false,"Standards overview"
43,"option 1",false,"Research publications"
44,"option 1",false,"Standards specifications"
45,"option 1",true,"Standards specifications"
46,"option 3",true,"Standards specifications"
47,"option 1",true,"Standards specifications"
48,"option 5",true,"Research overview"
49,"option 5",true,"Standards specifications"
50,"option 2",true,"Research overview"
51,"option 1",true,"Research publications"
52,"option 4",true,"Research overview"
53,"option 3",true,"Standards specifications"
54,"option 2",true,"Standards overview"
55,"option 3",true,"Lexicon"
56,"option 1",true,"Standards specifications"
57,"option 5",false,"Research publications"
58,"option 3",true,"Research overview"
59,"option 1",false,"Research publications"
60,"option 2",true,"Standards specifications"
61,"option 3",true,"Lexicon"
62,"option 4",true,"Research publications"
63,"option 3",true,"Research overview"
64,"option 2",false,"Standards specifications"
65,"option 2",true,"Research overview"
66,"option 1",false,"Research overview"
67,"option 1",true,"Standards overview"
68,"option 1",true,"Standards overview"
69,"option 3",true,"Standards overview"
70,"option 2",true,"Standards specifications"
71,"option 1",true,"Research publications"
72,"option 1",true,"Research publications"
73,"option 4",true,"Standards specifications"
74,"option 5",false,"Standards specifications"
75,"option 4",true,"Research overview"
76,"option 1",false,"Standards overview"
77,"option 3",true,"Research overview"
78,"option 5",true,"Research overview"
79,"option 1",false,"Research publications"
80,"option 3",true,"Standards specifications"
81,"option 1",false,"Research publications"
82,"option 1",true,"Research publications"
83,"option 2",true,"Research publications"
84,"option 5",true,"Research overview"
85,"option 1",true,"Research publications"
86,"option 1",true,"Research overview"
87,"option 1",false,"Standards overview"
88,"option 1",false,"Standards overview"
89,"option 4",false,"Standards overview"
90,"option 1",true,"Research publications"
91,"option 3",true,"Standards specifications"
92,"option 1",true,"Lexicon"
93,"option 5",true,"Research publications"
94,"option 3",true,"Research publications"
95,"option 3",false,"Research publications"
96,"option 3",false,"Standards specifications"
97,"option 5",true,"Lexicon"
98,"option 1",false,"Research overview"
99,"option 5",true,"Research publications"
100,"option 2",false,"Standards specifications"
101,"option 1",false,"Standards overview"
102,"option 2",true,"Research publications"
103,"option 3",false,"Research publications"
104,"option 1",false,"Research overview"
105,"option 4",true,"Research publications"
106,"option 1",false,"Research overview"
107,"option 3",false,"Standards overview"
108,"option 1",false,"Standards specifications"
109,"option 1",false,"Lexicon"
110,"option 1",true,"Research overview"
111,"option 5",false,"Standards specifications"
112,"option 3",false,"Standards overview"
113,"option 4",true,"Research overview"
114,"option 2",true,"Research overview"
115,"option 3",true,"Research publications"
116,"option 3",true,"Research overview"
117,"option 2",false,"Standards overview"
118,"option 5",false,"Research overview"
119,"option 3",false,"Research overview"
120,"option 5",true,"Research publications"
121,"option 3",false,"Standards specifications"
122,"option 1",false,"Research publications"
123,"option 4",false,"Standards specifications"
124,"option 5",true,"Research publications"
125,"option 2",true,"Research publications"
126,"option 2",true,"Research overview"
127,"option 4",true,"Research overview"
128,"option 1",true,"Research overview"
129,"option 5",true,"Research overview"
130,"option 3",true,"Research publications"
131,"option 1",true,"Research publications"
132,"option 1",true,"Research overview"
133,"option 3",false,"Research overview"
134,"option 3",true,"Research publications"
135,"option 4",false,"Standards specifications"
136,"option 3",true,"Research overview"
137,"option 3",true,"Research overview"
138,"option 1",false,"Standards overview"
139,"option 2",true,"Research publications"
140,"option 1",false,"Standards overview"
141,"option 4",false,"Standards specifications"
142,"option 2",true,"Research overview"
143,"option 2",false,"Standards specifications"
144,"option 5",true,"Research publications"
145,"option 3",false,"Research publications"
146,"option 3",true,"Standards specifications"
147,"option 1",false,"Research overview"
148,"option 2",true,"Research publications"
149,"option 4",true,"Standards specifications"
150,"option 3",false,"Research publications"
151,"option 1",false,"Research publications"
152,"option 1",true,"Standards overview"
153,"option 1",false,"Lexicon"
154,"option 1",true,"Standards overview"
155,"option 2",false,"Standards specifications"
156,"option 2",true,"Research overview"
157,"option 1",false,"Research publications"
158,"option 1",true,"Research overview"
159,"option 3",false,"Standards specifications"
160,"option 2",false,"Research publications"
161,"option 3",true,"Lexicon"
162,"option 4",true,"Research overview"
163,"option 2",false,"Research publications"
164,"option 5",true,"Research overview"
165,"option 3",true,"Research publications"
166,"option 3",true,"Standards overview"
167,"option 2",true,"Research publications"
168,"option 2",true,"Standards specifications"
169,"option 1",false,"Research overview"
170,"option 3",false,"Standards specifications"
171,"option 5",true,"Research publications"
172,"option 3",true,"Research publications"
173,"option 2",false,"Standards specifications"
174,"option 3",true,"Research publications"
175,"option 2",true,"Research publications"
176,"option 4",true,"Research overview"
177,"option 1",false,"Standards overview"
178,"option 3",true,"Research overview"
179,"option 5",false,"Standards overview"
180,"option 3",true,"Research overview"
181,"option 2",true,"Standards specifications"
182,"option 4",true,"Research overview"
183,"option 4",true,"Research publications"
184,"option 3",false,"Standards overview"
185,"option 2",true,"Standards specifications"
186,"option 2",true,"Research publications"
187,"option 3",true,"Standards specifications"
188,"option 4",true,"Standards specifications"
189,"option 3",true,"Lexicon"
190,"option 2",false,"Research overview"
191,"option 2",false,"Standards overview"
192,"option 3",true,"Standards overview"
193,"option 1",true,"Research publications"
194,"option 3",true,"Standards specifications"
195,"option 3",false,"Standards specifications"
196,"option 4",false,"Research publications"
197,"option 1",false,"Standards specifications"
198,"option 3",false,"Standards specifications"
199,"option 4",true,"Research publications"
200,"option 5",true,"Research publications"
201,"option 2",true,"Research publications"
202,"option 2",true,"Research publications"
203,"option 3",false,"Standards specifications"
204,"option 1",true,"Research publications"
205,"option 1",false,"Research overview"
206,"option 1",true,"Standards specifications"
207,"option 1",false,"Research publications"
208,"option 4",true,"Research overview"
209,"option 3",true,"Research publications"
210,"option 4",true,"Research publications"
211,"option 3",true,"Research publications"
212,"option 2",true,"Research overview"
213,"option 2",true,"Research publications"
214,"option 4",true,"Research overview"
215,"option 1",false,"Research overview"
216,"option 5",false,"Standards specifications"
217,"option 1",false,"Research publications"
218,"option 3",false,"Research overview"
219,"option 2",true,"Research overview"
220,"option 1",false,"Research overview"
221,"option 2",true,"Standards overview"
222,"option 1",false,"Research overview"
223,"option 3",true,"Research publications"
224,"option 4",false,"Standards specifications"
225,"option 1",false,"Standards specifications"
226,"option 4",true,"Standards overview"
227,"option 1",true,"Research publications"
228,"option 5",false,"Research publications"
229,"option 4",true,"Research overview"
230,"option 3",true,"Research publications"
231,"option 2",true,"Research publications"
232,"option 1",true,"Lexicon"
233,"option 2",false,"Standards specifications"
234,"option 2",true,"Research publications"
235,"option 3",true,"Standards overview"
236,"option 2",true,"Research overview"
237,"option 1",true,"Research overview"
238,"option 4",true,"Research publications"
239,"option 2",true,"Research publications"
240,"option 2",false,"Research overview"
241,"option 2",true,"Research publications"
242,"option 2",true,"Standards overview"
243,"option 1",false,"Research publications"
244,"option 4",true,"Standards specifications"
245,"option 3",false,"Research publications"
246,"option 1",false,"Research publications"
247,"option 1",true,"Research overview"
248,"option 4",false,"Research publications"
249,"option 1",true,"Standards specifications"
250,"option 1",true,"Research publications"
251,"option 4",true,"Research overview"
252,"option 1",false,"Research publications"
253,"option 1",false,"Research publications"
254,"option 2",false,"Research publications"
255,"option 4",true,"Research overview"
256,"option 2",false,"Standards specifications"
257,"option 1",false,"Standards specifications"
258,"option 2",true,"Research publications"
259,"option 3",true,"Research publications"
260,"option 3",true,"Research publications"
261,"option 2",true,"Research publications"
262,"option 2",true,"Research publications"
263,"option 1",true,"Research publications"
264,"option 3",false,"Research publications"
265,"option 2",false,"Research publications"
266,"option 4",false,"Research publications"
267,"option 2",true,"Research publications"
268,"option 3",false,"Standards specifications"
269,"option 1",true,"Research publications"
270,"option 4",true,"Research publications"
271,"option 3",true,"Research publications"
272,"option 3",true,"Research overview"
273,"option 1",false,"Research publications"
274,"option 2",true,"Research overview"
275,"option 2",true,"Research publications"
276,"option 5",true,"Research publications"
277,"option 4",false,"Research overview"
278,"option 1",true,"Research overview"
279,"option 3",true,"Standards specifications"
280,"option 1",false,"Research publications"
281,"option 3",true,"Standards specifications"
282,"option 1",false,"Standards specifications"
283,"option 5",true,"Research publications"
284,"option 2",true,"Lexicon"
285,"option 3",false,"Research publications"
286,"option 3",true,"Research publications"
287,"option 4",true,"Research overview"
288,"option 5",false,"Research publications"
289,"option 3",false,"Standards specifications"
290,"option 1",false,"Standards specifications"
291,"option 4",true,"Research overview"
292,"option 2",true,"Research publications"
293,"option 1",true,"Research overview"
294,"option 2",true,"Research publications"
295,"option 2",false,"Standards specifications"
296,"option 4",false,"Standards specifications"
297,"option 3",true,"Research publications"
298,"option 3",true,"Research publications"
299,"option 2",true,"Lexicon"
300,"option 1",true,"Standards overview"
301,"option 2",true,"Research publications"
302,"option 1",true,"Research overview"
303,"option 1",false,"Standards specifications"
304,"option 1",true,"Research publications"
305,"option 5",false,"Research publications"
306,"option 1",false,"Research overview"
307,"option 2",false,"Standards overview"
308,"option 5",false,"Research publications"
309,"option 3",true,"Lexicon"
310,"option 4",false,"Research overview"
311,"option 1",true,"Research publications"
312,"option 4",true,"Research publications"
313,"option 3",false,"Standards specifications"
314,"option 4",true,"Research publications"
315,"option 2",true,"Research publications"
316,"option 3",false,"Standards specifications"
317,"option 1",true,"Research overview"
318,"option 1",false,"Standards specifications"
319,"option 4",true,"Standards overview"
320,"option 1",true,"Research publications"
321,"option 1",false,"Research publications"
322,"option 3",true,"Research publications"
323,"option 3",true,"Research publications"
324,"option 3",true,"Research publications"
325,"option 2",true,"Standards specifications"
326,"option 1",true,"Research publications"
327,"option 5",true,"Research publications"
328,"option 5",true,"Research publications"
329,"option 1",false,"Research publications"
330,"option 3",true,"Research publications"
331,"option 4",false,"Research overview"
332,"option 1",true,"Research overview"
333,"option 4",true,"Research publications"
334,"option 2",false,"Research overview"
335,"option 3",true,"Research publications"
336,"option 2",true,"Standards specifications"
337,"option 3",false,"Research publications"
338,"option 1",true,"Standards specifications"
339,"option 3",true,"Research publications"
340,"option 2",true,"Research publications"
341,"option 4",true,"Research publications"
342,"option 2",true,"Research publications"
343,"option 3",false,"Research publications"
344,"option 3",true,"Research publications"
345,"option 5",true,"Standards overview"
346,"option 5",true,"Research overview"
347,"option 1",false,"Research publications"
348,"option 5",true,"Research overview"
349,"option 4",true,"Research publications"
350,"option 5",true,"Lexicon"
351,"option 5",true,"Lexicon"
352,"option 3",false,"Research overview"
353,"option 4",true,"Research publications"
354,"option 2",false,"Research overview"
355,"option 5",true,"Standards overview"
356,"option 3",false,"Research publications"
357,"option 4",false,"Research publications"
358,"option 4",false,"Research overview"
359,"option 3",true,"Lexicon"
360,"option 3",false,"Standards overview"
361,"option 4",false,"Research publications"
362,"option 3",true,"Standards overview"
363,"option 3",false,"Research publications"
364,"option 4",false,"Research publications"
365,"option 4",false,"Standards specifications"
366,"option 4",true,"Standards overview"
367,"option 3",true,"Standards overview"
368,"option 5",true,"Standards overview"
369,"option 1",false,"Standards specifications"
370,"option 3",false,"Research overview"
371,"option 3",true,"Research publications"
372,"option 4",true,"Research publications"
373,"option 2",true,"Standards overview"
374,"option 4",true,"Research publications"
375,"option 2",true,"Research publications"
376,"option 1",true,"Research publications"
377,"option 3",true,"Research publications"
378,"option 2",true,"Standards overview"
379,"option 5",false,"Research publications"
380,"option 2",true,"Research publications"
381,"option 4",true,"Research overview"
382,"option 5",false,"Standards overview"
383,"option 1",false,"Standards overview"
384,"option 4",false,"Standards specifications"
385,"option 2",true,"Research publications"
386,"option 5",false,"Research publications"
387,"option 1",true,"Research publications"
388,"option 1",false,"Standards specifications"
389,"option 3",true,"Research overview"
390,"option 1",false,"Research publications"
391,"option 2",true,"Research overview"
392,"option 1",false,"Standards overview"
393,"option 4",true,"Research publications"
394,"option 5",true,"Standards overview"
395,"option 4",true,"Standards overview"
396,"option 2",true,"Research overview"
397,"option 4",false,"Research publications"
398,"option 2",false,"Standards specifications"
399,"option 5",true,"Research publications"
400,"option 4",false,"Research overview"
401,"option 4",false,"Research publications"
402,"option 1",true,"Standards overview"
403,"option 2",true,"Research publications"
404,"option 3",true,"Research overview"
405,"option 3",false,"Standards specifications"
406,"option 2",false,"Research overview"
407,"option 3",true,"Research overview"
408,"option 4",false,"Standards overview"
409,"option 3",true,"Research publications"
410,"option 2",false,"Research overview"
411,"option 3",false,"Research overview"
412,"option 2",false,"Research publications"
413,"option 1",true,"Research publications"
414,"option 3",true,"Standards specifications"
415,"option 1",true,"Research publications"
416,"option 4",true,"Research publications"
417,"option 4",true,"Standards specifications"
418,"option 3",true,"Research publications"
419,"option 1",true,"Standards specifications"
420,"option 3",false,"Standards overview"
421,"option 4",false,"Standards specifications"
422,"option 1",true,"Research publications"
423,"option 4",true,"Research publications"
424,"option 3",false,"Research publications"
425,"option 1",false,"Research publications"
426,"option 1",true,"Research publications"
427,"option 1",false,"Research publications"
428,"option 1",true,"Standards overview"
429,"option 1",true,"Research publications"
430,"option 2",true,"Research publications"
431,"option 4",false,"Research publications"
432,"option 2",true,"Research publications"
433,"option 4",true,"Lexicon"
434,"option 1",true,"Research publications"
435,"option 5",true,"Standards overview"
436,"option 5",true,"Research publications"
437,"option 4",true,"Standards specifications"
438,"option 1",false,"Research publications"
439,"option 3",true,"Standards overview"
440,"option 2",false,"Research publications"
441,"option 1",true,"Standards specifications"
442,"option 1",true,"Research overview"
443,"option 4",true,"Research publications"
444,"option 1",false,"Research publications"
445,"option 1",true,"Research overview"
446,"option 4",true,"Research publications"
447,"option 4",true,"Research overview"
448,"option 5",true,"Research overview"
449,"option 4",true,"Standards overview"
450,"option 1",true,"Research publications"
451,"option 3",true,"Research publications"
452,"option 1",true,"Research overview"
453,"option 4",false,"Standards overview"
454,"option 1",true,"Standards specifications"
455,"option 1",true,"Research overview"
456,"option 1",false,"Standards specifications"
457,"option 2",false,"Research overview"
458,"option 2",true,"Lexicon"
459,"option 3",false,"Research overview"
460,"option 3",true,"Lexicon"
461,"option 1",true,"Research publications"
462,"option 2",true,"Research overview"
463,"option 3",true,"Standards specifications"
464,"option 1",true,"Research publications"
465,"option 4",true,"Research overview"
466,"option 5",true,"Research publications"
467,"option 1",true,"Standards specifications"
468,"option 1",true,"Standards specifications"
469,"option 3",true,"Research publications"
470,"option 1",true,"Standards specifications"
471,"option 3",true,"Research publications"
472,"option 4",true,"Standards overview"
473,"option 5",true,"Research publications"
474,"option 3",true,"Standards specifications"
475,"option 3",false,"Standards specifications"
476,"option 3",true,"Standards overview"
477,"option 2",false,"Research publications"
478,"option 3",true,"Standards specifications"
479,"option 4",false,"Research publications"
480,"option 1",true,"Research publications"
481,"option 2",true,"Research overview"
482,"option 3",true,"Research publications"
483,"option 5",false,"Standards specifications"
484,"option 4",true,"Research publications"
485,"option 4",true,"Standards overview"
486,"option 2",true,"Research publications"
487,"option 3",true,"Research publications"
488,"option 4",false,"Research publications"
489,"option 2",false,"Research publications"
490,"option 5",true,"Lexicon"
491,"option 2",true,"Research publications"
492,"option 1",false,"Research publications"
493,"option 5",false,"Research overview"
494,"option 1",false,"Research publications"
495,"option 1",false,"Research overview"
496,"option 1",true,"Research publications"
497,"option 3",true,"Research publications"
498,"option 4",true,"Research publications"
499,"option 1",true,"Standards overview"
500,"option 4",true,"Research publications"
501,"option 2",true,"Research publications"
502,"option 1",true,"Research overview"
503,"option 4",true,"Research overview"
504,"option 2",true,"Research publications"
505,"option 4",false,"Research publications"
506,"option 4",true,"Standards specifications"
507,"option 1",true,"Standards specifications"
508,"option 3",true,"Research publications"
509,"option 4",true,"Research publications"
510,"option 3",false,"Research overview"
511,"option 4",true,"Research publications"
512,"option 1",false,"Research overview"
513,"option 4",true,"Research publications"
514,"option 1",true,"Research publications"
515,"option 3",true,"Research publications"
516,"option 1",true,"Standards specifications"
517,"option 4",true,"Research overview"
518,"option 2",true,"Research overview"
519,"option 1",false,"Research publications"
520,"option 4",true,"Research publications"
521,"option 2",false,"Research overview"
522,"option 2",false,"Research publications"
523,"option 3",true,"Research publications"
524,"option 5",false,"Research publications"
525,"option 4",true,"Research overview"
526,"option 3",true,"Standards overview"
527,"option 3",true,"Research publications"
528,"option 3",true,"Research publications"
529,"option 5",true,"Research overview"
530,"option 4",true,"Standards specifications"
531,"option 3",true,"Research publications"
532,"option 3",true,"Research overview"
533,"option 3",true,"Lexicon"
534,"option 3",true,"Standards overview"
535,"option 3",true,"Research publications"
536,"option 3",true,"Lexicon"
537,"option 4",true,"Research overview"
538,"option 1",true,"Standards specifications"
539,"option 1",true,"Standards specifications"
540,"option 1",false,"Standards specifications"
541,"option 5",true,"Research overview"
542,"option 4",false,"Research publications"
543,"option 2",true,"Research overview"
544,"option 1",true,"Lexicon"
545,"option 4",true,"Research publications"
546,"option 1",true,"Lexicon"
547,"option 1",true,"Standards overview"
548,"option 3",false,"Standards specifications"
549,"option 4",true,"Research publications"
550,"option 3",true,"Research publications"
551,"option 2",false,"Lexicon"
552,"option 2",false,"Standards specifications"
553,"option 3",true,"Research overview"
554,"option 1",false,"Research publications"
555,"option 1",true,"Research publications"
556,"option 1",false,"Research publications"
557,"option 5",false,"Standards overview"
558,"option 3",false,"Standards specifications"
559,"option 4",true,"Research overview"
560,"option 2",true,"Research publications"
561,"option 2",true,"Research publications"
562,"option 4",true,"Standards specifications"
563,"option 5",true,"Standards specifications"
564,"option 2",false,"Standards overview"
565,"option 1",false,"Research publications"
566,"option 3",true,"Standards specifications"
567,"option 1",true,"Research publications"
568,"option 5",true,"Research overview"
569,"option 3",true,"Research publications"
570,"option 1",true,"Research publications"
571,"option 4",true,"Research overview"
572,"option 5",true,"Research publications"
573,"option 5",true,"Research publications"
574,"option 1",true,"Standards overview"
575,"option 5",true,"Research publications"
576,"option 2",false,"Lexicon"
577,"option 3",false,"Standards specifications"
578,"option 1",false,"Research publications"
579,"option 1",false,"Research publications"
580,"option 2",true,"Standards overview"
581,"option 4",true,"Research overview"
582,"option 2",false,"Research overview"
583,"option 3",false,"Research publications"
584,"option 3",true,"Research publications"
585,"option 3",true,"Research publications"
586,"option 2",true,"Research overview"
587,"option 4",true,"Research overview"
588,"option 3",true,"Research publications"
589,"option 1",true,"Standards specifications"
590,"option 3",true,"Research overview"
591,"option 1",false,"Standards overview"
592,"option 1",false,"Research publications"
593,"option 2",true,"Standards overview"
594,"option 4",false,"Standards overview"
595,"option 3",true,"Research publications"
596,"option 2",true,"Standards specifications"
597,"option 5",false,"Research overview"
598,"option 4",true,"Research publications"
599,"option 3",false,"Standards specifications"
600,"option 5",true,"Standards overview"
601,"option 5",true,"Standards overview"
602,"option 4",false,"Research publications"
603,"option 2",true,"Research overview"
604,"option 3",true,"Standards specifications"
605,"option 2",true,"Research publications"
606,"option 2",true,"Research overview"
607,"option 1",true,"Research publications"
608,"option 3",true,"Research publications"
609,"option 3",true,"Standards specifications"
610,"option 4",true,"Research publications"
611,"option 5",true,"Research overview"
612,"option 4",true,"Standards specifications"
613,"option 2",true,"Research publications"
614,"option 3",true,"Research publications"
615,"option 4",true,"Research publications"
616,"option 3",false,"Standards specifications"
617,"option 1",true,"Lexicon"
618,"option 2",false,"Research publications"
619,"option 1",true,"Standards specifications"
620,"option 1",true,"Research overview"
621,"option 4",true,"Standards specifications"
622,"option 1",true,"Research publications"
623,"option 5",true,"Research overview"
624,"option 2",false,"Standards overview"
625,"option 5",false,"Research overview"
626,"option 1",false,"Research publications"
627,"option 4",true,"Research overview"
628,"option 3",false,"Standards specifications"
629,"option 1",true,"Research overview"
630,"option 5",true,"Research overview"
631,"option 4",true,"Standards specifications"
632,"option 1",true,"Standards overview"
633,"option 2",false,"Research overview"
634,"option 5",true,"Standards overview"
635,"option 1",false,"Research publications"
636,"option 2",false,"Standards specifications"
637,"option 2",true,"Standards overview"
638,"option 1",true,"Standards specifications"
639,"option 4",false,"Research overview"
640,"option 2",false,"Research publications"
641,"option 1",true,"Standards specifications"
642,"option 4",false,"Research publications"
643,"option 1",false,"Standards specifications"
644,"option 4",true,"Standards specifications"
645,"option 1",true,"Research overview"
646,"option 4",true,"Standards specifications"
647,"option 1",true,"Standards specifications"
648,"option 1",false,"Standards overview"
649,"option 3",false,"Standards specifications"
650,"option 1",false,"Research publications"
651,"option 1",true,"Research publications"
652,"option 2",false,"Standards specifications"
653,"option 3",true,"Research publications"
654,"option 5",true,"Standards overview"
655,"option 4",true,"Research overview"
656,"option 1",true,"Research publications"
657,"option 1",true,"Research publications"
658,"option 2",true,"Standards specifications"
659,"option 1",false,"Research publications"
660,"option 3",true,"Standards overview"
661,"option 4",true,"Research publications"
662,"option 1",true,"Research overview"
663,"option 4",false,"Research overview"
664,"option 1",false,"Research publications"
665,"option 3",false,"Standards specifications"
666,"option 3",true,"Research publications"
667,"option 4",false,"Research overview"
668,"option 1",false,"Research overview"
669,"option 4",false,"Standards specifications"
670,"option 4",true,"Research publications"
671,"option 4",true,"Standards specifications"
672,"option 4",true,"Research publications"
673,"option 3",false,"Standards overview"
674,"option 1",false,"Standards specifications"
675,"option 4",false,"Research overview"
676,"option 1",true,"Research publications"
677,"option 5",true,"Lexicon"
678,"option 1",true,"Research publications"
679,"option 3",true,"Research publications"
680,"option 5",true,"Research publications"
681,"option 3",false,"Standards specifications"
682,"option 1",false,"Research publications"
683,"option 3",false,"Research publications"
684,"option 3",true,"Research publications"
685,"option 5",false,"Research overview"
686,"option 5",false,"Research publications"
687,"option 2",true,"Standards specifications"
688,"option 1",false,"Standards overview"
689,"option 1",false,"Research overview"
690,"option 2",true,"Research publications"
691,"option 4",false,"Research overview"
692,"option 4",true,"Lexicon"
693,"option 1",false,"Research publications"
694,"option 3",false,"Research publications"
695,"option 2",true,"Research publications"
696,"option 4",false,"Research overview"
697,"option 2",false,"Research publications"
698,"option 5",true,"Research overview"
699,"option 3",true,"Standards overview"
700,"option 4",true,"Research publications"
701,"option 3",true,"Research publications"
702,"option 4",false,"Standards specifications"
703,"option 2",true,"Research overview"
704,"option 3",false,"Research overview"
705,"option 1",true,"Research publications"
706,"option 2",false,"Research publications"
707,"option 4",false,"Research publications"
708,"option 4",false,"Research publications"
709,"option 2",true,"Standards overview"
710,"option 4",false,"Standards specifications"
711,"option 4",true,"Research overview"
712,"option 4",true,"Research publications"
713,"option 3",true,"Research publications"
714,"option 3",true,"Standards overview"
715,"option 4",true,"Standards specifications"
716,"option 1",true,"Standards overview"
717,"option 2",false,"Standards specifications"
718,"option 3",false,"Research publications"
719,"option 2",true,"Research publications"
720,"option 2",true,"Research publications"
721,"option 2",false,"Standards specifications"
722,"option 5",true,"Research overview"
723,"option 1",false,"Standards overview"
724,"option 2",true,"Research publications"
725,"option 3",true,"Research publications"
726,"option 4",true,"Research overview"
727,"option 3",true,"Standards overview"
728,"option 4",true,"Research overview"
729,"option 3",false,"Research overview"
730,"option 3",false,"Lexicon"
731,"option 4",false,"Standards specifications"
732,"option 2",true,"Standards specifications"
733,"option 2",true,"Research publications"
734,"option 5",true,"Research overview"
735,"option 3",false,"Research publications"
736,"option 4",true,"Research overview"
737,"option 1",true,"Research overview"
738,"option 3",true,"Research publications"
739,"option 3",false,"Research publications"
740,"option 4",true,"Research overview"
741,"option 4",true,"Research overview"
742,"option 5",true,"Research publications"
743,"option 3",true,"Research publications"
744,"option 1",true,"Standards specifications"
745,"option 3",true,"Research overview"
746,"option 3",true,"Research publications"
747,"option 2",false,"Research overview"
748,"option 1",false,"Research overview"
749,"option 2",false,"Research overview"
750,"option 5",true,"Research publications"
751,"option 2",false,"Standards specifications"
752,"option 1",true,"Research publications"
753,"option 4",true,"Research overview"
754,"option 2",false,"Standards specifications"
755,"option 5",false,"Standards specifications"
756,"option 3",false,"Standards overview"
757,"option 2",true,"Research publications"
758,"option 4",true,"Research publications"
759,"option 4",true,"Standards overview"
760,"option 2",true,"Research publications"
761,"option 3",false,"Standards specifications"
762,"option 3",false,"Research overview"
763,"option 3",true,"Standards overview"
764,"option 4",true,"Research publications"
765,"option 1",true,"Research publications"
766,"option 4",true,"Lexicon"
767,"option 1",true,"Standards specifications"
768,"option 4",false,"Research publications"
769,"option 2",true,"Research overview"
770,"option 1",false,"Research publications"
771,"option 2",true,"Research overview"
772,"option 1",true,"Research overview"
773,"option 4",true,"Standards specifications"
774,"option 5",true,"Research overview"
775,"option 1",true,"Research publications"
776,"option 1",true,"Lexicon"
777,"option 5",false,"Research publications"
778,"option 3",true,"Lexicon"
779,"option 5",true,"Research publications"
780,"option 4",true,"Research publications"
781,"option 4",true,"Research publications"
782,"option 3",true,"Research publications"
783,"option 4",true,"Standards overview"
784,"option 2",false,"Research publications"
785,"option 5",true,"Standards overview"
786,"option 2",true,"Research publications"
787,"option 2",true,"Research overview"
788,"option 5",false,"Research overview"
789,"option 2",true,"Research publications"
790,"option 1",true,"Research overview"
791,"option 3",true,"Research publications"
792,"option 4",true,"Research publications"
793,"option 2",false,"Research publications"
794,"option 4",true,"Research publications"
795,"option 5",true,"Research publications"
796,"option 4",true,"Lexicon"
797,"option 4",true,"Standards overview"
798,"option 1",false,"Research publications"
799,"option 2",false,"Standards specifications"
800,"option 2",true,"Research publications"
801,"option 4",true,"Research overview"
802,"option 1",true,"Lexicon"
803,"option 2",false,"Standards specifications"
804,"option 1",false,"Research publications"
805,"option 2",false,"Research overview"
806,"option 3",false,"Standards overview"
807,"option 1",true,"Standards specifications"
808,"option 5",true,"Research publications"
809,"option 3",true,"Research overview"
810,"option 1",true,"Research publications"
811,"option 4",true,"Research publications"
812,"option 1",true,"Standards specifications"
813,"option 2",false,"Standards specifications"
814,"option 1",true,"Standards overview"
815,"option 1",false,"Standards specifications"
816,"option 2",false,"Research publications"
817,"option 3",true,"Research publications"
818,"option 2",true,"Standards specifications"
819,"option 5",false,"Research overview"
820,"option 1",true,"Standards specifications"
821,"option 5",true,"Standards overview"
822,"option 5",true,"Research publications"
823,"option 1",false,"Standards overview"
824,"option 3",true,"Standards specifications"
825,"option 2",false,"Research overview"
826,"option 3",false,"Research publications"
827,"option 1",false,"Research overview"
828,"option 2",false,"Research overview"
829,"option 3",false,"Research publications"
830,"option 3",true,"Research publications"
831,"option 4",true,"Research publications"
832,"option 5",true,"Standards specifications"
833,"option 3",true,"Research publications"
834,"option 2",true,"Standards specifications"
835,"option 5",true,"Standards overview"
836,"option 2",false,"Standards specifications"
837,"option 3",true,"Standards overview"
838,"option 3",true,"Standards specifications"
839,"option 1",true,"Standards specifications"
840,"option 1",false,"Research publications"
841,"option 4",true,"Research publications"
842,"option 1",true,"Research publications"
843,"option 1",true,"Standards overview"
844,"option 2",true,"Research publications"
845,"option 1",true,"Standards specifications"
846,"option 3",true,"Research publications"
847,"option 4",true,"Research publications"
848,"option 4",true,"Research publications"
849,"option 3",true,"Standards specifications"
850,"option 4",true,"Research publications"
851,"option 4",false,"Research publications"
852,"option 3",true,"Research publications"
853,"option 2",false,"Research publications"
854,"option 4",false,"Research overview"
855,"option 2",false,"Standards specifications"
856,"option 1",false,"Standards specifications"
857,"option 3",false,"Research publications"
858,"option 1",true,"Research publications"
859,"option 5",true,"Research publications"
860,"option 3",true,"Research publications"
861,"option 5",true,"Research publications"
862,"option 4",false,"Standards specifications"
863,"option 3",true,"Standards specifications"
864,"option 1",true,"Research overview"
865,"option 2",false,"Research publications"
866,"option 2",true,"Research publications"
867,"option 5",false,"Research publications"
868,"option 2",true,"Research publications"
869,"option 1",false,"Research publications"
870,"option 2",true,"Research overview"
871,"option 4",true,"Research publications"
872,"option 2",false,"Standards specifications"
873,"option 3",true,"Standards overview"
874,"option 1",false,"Research publications"
875,"option 2",true,"Standards specifications"
876,"option 1",false,"Standards overview"
877,"option 3",true,"Research publications"
878,"option 5",true,"Research publications"
879,"option 5",true,"Research publications"
880,"option 5",true,"Research publications"
881,"option 2",true,"Research publications"
882,"option 3",false,"Research publications"
883,"option 4",true,"Research publications"
884,"option 2",true,"Research publications"
885,"option 1",true,"Standards specifications"
886,"option 3",true,"Standards specifications"
887,"option 4",true,"Research overview"
888,"option 3",false,"Standards overview"
889,"option 4",true,"Research overview"
890,"option 2",true,"Standards specifications"
891,"option 1",true,"Research publications"
892,"option 2",false,"Standards specifications"
893,"option 5",true,"Research overview"
894,"option 2",true,"Standards overview"
895,"option 2",true,"Research overview"
896,"option 2",true,"Research publications"
897,"option 4",true,"Standards overview"
898,"option 4",true,"Research overview"
899,"option 1",false,"Research publications"
900,"option 4",true,"Standards specifications"
901,"option 3",true,"Research publications"
902,"option 1",true,"Research publications"
903,"option 1",true,"Research overview"
904,"option 3",true,"Research publications"
905,"option 2",true,"Lexicon"
906,"option 5",false,"Standards overview"
907,"option 1",false,"Research publications"
908,"option 5",true,"Lexicon"
909,"option 3",false,"Research overview"
910,"option 2",true,"Research publications"
911,"option 3",true,"Research publications"
912,"option 4",false,"Standards specifications"
913,"option 3",false,"Standards specifications"
914,"option 5",true,"Research publications"
915,"option 4",true,"Research publications"
916,"option 2",false,"Research publications"
917,"option 2",true,"Standards specifications"
918,"option 2",true,"Research publications"
919,"option 3",false,"Research publications"
920,"option 4",true,"Standards overview"
921,"option 1",false,"Standards specifications"
922,"option 1",false,"Standards overview"
923,"option 1",false,"Standards specifications"
924,"option 3",true,"Research publications"
925,"option 3",false,"Research overview"
926,"option 1",true,"Research overview"
927,"option 1",true,"Research publications"
928,"option 5",true,"Lexicon"
929,"option 2",true,"Standards specifications"
930,"option 1",false,"Research publications"
931,"option 1",false,"Research publications"
932,"option 4",false,"Research publications"
933,"option 5",true,"Standards specifications"
934,"option 1",true,"Standards specifications"
935,"option 3",false,"Research overview"
936,"option 2",true,"Research overview"
937,"option 3",true,"Research publications"
938,"option 3",true,"Research overview"
939,"option 2",true,"Research publications"
940,"option 2",true,"Research publications"
941,"option 4",false,"Standards specifications"
942,"option 4",true,"Standards specifications"
943,"option 2",true,"Standards specifications"
944,"option 1",true,"Research overview"
945,"option 1",false,"Research overview"
946,"option 2",true,"Standards specifications"
947,"option 3",true,"Research overview"
948,"option 3",false,"Research publications"
949,"option 4",true,"Standards specifications"
950,"option 1",true,"Research publications"
951,"option 1",false,"Research publications"
952,"option 4",true,"Research publications"
953,"option 2",true,"Research publications"
954,"option 3",true,"Research publications"
955,"option 1",false,"Standards specifications"
956,"option 2",true,"Research publications"
957,"option 3",true,"Lexicon"
958,"option 3",true,"Lexicon"
959,"option 2",true,"Standards overview"
960,"option 2",true,"Research overview"
961,"option 1",true,"Research publications"
962,"option 2",true,"Standards specifications"
963,"option 4",true,"Research overview"
964,"option 1",true,"Research publications"
965,"option 2",true,"Research publications"
966,"option 2",true,"Standards specifications"
967,"option 3",true,"Research publications"
968,"option 3",true,"Research publications"
969,"option 5",false,"Standards overview"
970,"option 4",true,"Research publications"
971,"option 3",false,"Research publications"
972,"option 4",false,"Research overview"
973,"option 2",true,"Lexicon"
974,"option 4",true,"Research overview"
975,"option 4",true,"Research publications"
976,"option 4",false,"Standards specifications"
977,"option 3",true,"Research overview"
978,"option 3",true,"Research publications"
979,"option 1",true,"Standards specifications"
980,"option 2",true,"Research overview"
981,"option 2",false,"Research publications"
982,"option 4",false,"Research publications"
983,"option 4",true,"Research publications"
984,"option 3",true,"Research publications"
985,"option 2",false,"Research overview"
986,"option 5",true,"Standards specifications"
987,"option 3",true,"Research publications"
988,"option 1",true,"Standards overview"
989,"option 3",false,"Research publications"
990,"option 5",true,"Standards specifications"
991,"option 1",true,"Research overview"
992,"option 3",true,"Research overview"
993,"option 4",true,"Research publications"
994,"option 3",true,"Research publications"
995,"option 5",false,"Research publications"
996,"option 5",false,"Research publications"
997,"option 4",false,"Research overview"
998,"option 4",false,"Research publications"
999,"option 5",true,"Standards specifications"
1000,"option 2",false,"Research overview"
1001,"option 4",true,"Research overview"
1002,"option 4",false,"Research publications"
1003,"option 3",true,"Standards overview"
1004,"option 4",true,"Research publications"
1005,"option 3",false,"Standards specifications"
1006,"option 3",true,"Research overview"
1007,"option 4",true,"Research overview"
1008,"option 3",true,"Research overview"
1009,"option 1",true,"Lexicon"
1010,"option 3",true,"Research publications"
1011,"option 2",true,"Standards specifications"
1012,"option 2",true,"Lexicon"
1013,"option 3",false,"Research publications"
1014,"option 4",true,"Standards specifications"
1015,"option 2",true,"Research publications"
1016,"option 3",false,"Standards specifications"
1017,"option 4",true,"Research publications"
1018,"option 1",true,"Research publications"
1019,"option 3",true,"Standards specifications"
1020,"option 1",true,"Research overview"
1021,"option 5",true,"Research publications"
1022,"option 3",true,"Research publications"
1023,"option 3",true,"Standards overview"
1024,"option 4",true,"Research publications"
1025,"option 2",true,"Standards specifications"
1026,"option 2",true,"Research publications"
1027,"option 1",true,"Research publications"
1028,"option 1",false,"Research publications"
1029,"option 1",true,"Standards specifications"
1030,"option 3",true,"Standards specifications"
1031,"option 4",true,"Research overview"
1032,"option 1",true,"Standards overview"
1033,"option 1",true,"Research overview"
1034,"option 4",true,"Research publications"
1035,"option 2",true,"Research publications"
1036,"option 1",true,"Standards specifications"
1037,"option 1",false,"Standards specifications"
1038,"option 2",false,"Research publications"
1039,"option 2",true,"Research publications"
1040,"option 5",true,"Research overview"
1041,"option 3",true,"Research publications"
1042,"option 3",true,"Lexicon"
1043,"option 2",false,"Standards specifications"
1044,"option 4",false,"Standards specifications"
1045,"option 1",false,"Research publications"
1046,"option 5",true,"Research publications"
1047,"option 5",true,"Research publications"
1048,"option 4",true,"Standards specifications"
1049,"option 4",true,"Research publications"
1050,"option 3",true,"Standards overview"
1051,"option 1",false,"Research overview"
1052,"option 1",false,"Research publications"
1053,"option 1",true,"Research overview"
1054,"option 2",false,"Standards specifications"
1055,"option 5",true,"Research publications"
1056,"option 2",true,"Research publications"
1057,"option 4",true,"Research publications"
1058,"option 5",true,"Research overview"
1059,"option 1",true,"Research publications"
1060,"option 4",true,"Research publications"
1061,"option 1",true,"Research publications"
1062,"option 4",true,"Lexicon"
1063,"option 1",true,"Research publications"
1064,"option 4",true,"Standards overview"
1065,"option 3",false,"Standards specifications"
1066,"option 2",false,"Standards specifications"
1067,"option 1",true,"Standards specifications"
1068,"option 1",true,"Standards overview"
1069,"option 1",true,"Research publications"
1070,"option 5",true,"Research publications"
1071,"option 2",false,"Standards overview"
1072,"option 3",false,"Standards specifications"
1073,"option 3",false,"Research overview"
1074,"option 4",true,"Research publications"
1075,"option 4",false,"Research overview"
1076,"option 5",true,"Research publications"
1077,"option 3",true,"Research publications"
1078,"option 5",true,"Standards specifications"
1079,"option 1",true,"Research publications"
1080,"option 3",true,"Research publications"
1081,"option 4",true,"Standards overview"
1082,"option 5",false,"Research publications"
1083,"option 2",true,"Standards overview"
1084,"option 4",true,"Research publications"
1085,"option 3",true,"Research overview"
1086,"option 1",true,"Research publications"
1087,"option 3",true,"Research overview"
1088,"option 2",true,"Research publications"
1089,"option 5",true,"Standards overview"
1090,"option 3",true,"Research overview"
1091,"option 4",true,"Research publications"
1092,"option 1",true,"Research publications"
1093,"option 4",true,"Research overview"
1094,"option 2",false,"Research publications"
1095,"option 5",true,"Standards specifications"
1096,"option 3",true,"Standards specifications"
1097,"option 2",false,"Standards overview"
1098,"option 1",false,"Research publications"
1099,"option 2",false,"Standards specifications"
1100,"option 5",true,"Research publications"
1101,"option 3",true,"Standards specifications"
1102,"option 2",true,"Research overview"
1103,"option 2",true,"Research publications"
1104,"option 1",false,"Standards specifications"
1105,"option 3",true,"Lexicon"
1106,"option 5",true,"Research publications"
1107,"option 2",true,"Research publications"
1108,"option 1",false,"Research publications"
1109,"option 2",true,"Standards overview"
1110,"option 3",true,"Standards specifications"
1111,"option 3",true,"Research publications"
1112,"option 5",false,"Standards specifications"
1113,"option 4",true,"Lexicon"
1114,"option 1",true,"Research publications"
1115,"option 2",false,"Standards specifications"
1116,"option 2",true,"Research overview"
1117,"option 4",true,"Research publications"
1118,"option 2",true,"Research overview"
1119,"option 1",false,"Standards specifications"
1120,"option 1",true,"Research publications"
1121,"option 5",true,"Research overview"
1122,"option 4",false,"Standards specifications"
1123,"option 4",true,"Standards specifications"
1124,"option 2",true,"Research publications"
1125,"option 3",true,"Research publications"
1126,"option 4",true,"Research publications"
1127,"option 1",true,"Research publications"
1128,"option 3",false,"Research publications"
1129,"option 2",false,"Research overview"
1130,"option 4",false,"Research overview"
1131,"option 2",true,"Research publications"
1132,"option 2",false,"Research overview"
1133,"option 5",false,"Lexicon"
1134,"option 5",false,"Standards specifications"
1135,"option 1",true,"Research publications"
1136,"option 1",true,"Standards specifications"
1137,"option 3",false,"Research overview"
1138,"option 4",false,"Research publications"
1139,"option 1",true,"Research overview"
1140,"option 3",true,"Research publications"
1141,"option 1",false,"Research overview"
1142,"option 5",false,"Research publications"
1143,"option 2",false,"Standards specifications"
1144,"option 5",false,"Standards overview"
1145,"option 5",true,"Standards specifications"
1146,"option 3",true,"Research publications"
1147,"option 5",true,"Research publications"
1148,"option 1",true,"Standards specifications"
1149,"option 4",true,"Research publications"
1150,"option 2",true,"Standards specifications"
1151,"option 1",false,"Research publications"
1152,"option 5",true,"Research publications"
1153,"option 4",false,"Research publications"
1154,"option 1",true,"Research publications"
1155,"option 2",true,"Lexicon"
1156,"option 1",false,"Research overview"
1157,"option 2",false,"Research overview"
1158,"option 2",true,"Research overview"
1159,"option 2",true,"Research publications"
1160,"option 2",true,"Standards specifications"
1161,"option 4",false,"Standards specifications"
1162,"option 2",false,"Research publications"
1163,"option 3",true,"Research publications"
1164,"option 5",true,"Research publications"
1165,"option 1",false,"Research publications"
1166,"option 1",false,"Standards overview"
1167,"option 3",true,"Standards overview"
1168,"option 2",false,"Lexicon"
1169,"option 1",false,"Research publications"
1170,"option 2",true,"Standards overview"
1171,"option 1",true,"Research overview"
1172,"option 5",true,"Research overview"
1173,"option 3",true,"Standards overview"
1174,"option 3",false,"Standards overview"
1175,"option 2",true,"Research publications"
1176,"option 5",true,"Standards specifications"
1177,"option 2",true,"Research overview"
1178,"option 1",true,"Lexicon"
1179,"option 2",true,"Research publications"
1180,"option 3",false,"Research publications"
1181,"option 4",false,"Research publications"
1182,"option 3",true,"Lexicon"
1183,"option 3",true,"Research publications"
1184,"option 3",true,"Standards overview"
1185,"option 1",true,"Standards specifications"
1186,"option 4",false,"Research publications"
1187,"option 5",false,"Research publications"
1188,"option 3",true,"Research overview"
1189,"option 4",true,"Standards specifications"
1190,"option 3",false,"Research publications"
1191,"option 3",true,"Standards specifications"
1192,"option 5",true,"Standards specifications"
1193,"option 3",true,"Research publications"
1194,"option 3",false,"Lexicon"
1195,"option 3",true,"Lexicon"
1196,"option 2",false,"Standards specifications"
1197,"option 2",true,"Research overview"
1198,"option 2",false,"Research publications"
1199,"option 3",false,"Standards overview"
1200,"option 5",true,"Research publications"
1201,"option 4",true,"Research publications"
1202,"option 2",false,"Research publications"
1203,"option 1",true,"Research overview"
1204,"option 4",true,"Research publications"
1205,"option 1",false,"Research publications"
1206,"option 5",true,"Research publications"
1207,"option 3",true,"Standards specifications"
1208,"option 2",true,"Standards overview"
1209,"option 2",true,"Research overview"
1210,"option 1",false,"Standards specifications"
1211,"option 1",false,"Standards overview"
1212,"option 1",true,"Research overview"
1213,"option 4",true,"Research publications"
1214,"option 2",false,"Research publications"
1215,"option 3",true,"Standards overview"
1216,"option 1",false,"Standards overview"
1217,"option 4",true,"Standards specifications"
1218,"option 3",true,"Research overview"
1219,"option 4",true,"Research overview"
1220,"option 5",true,"Research overview"
1221,"option 2",false,"Research publications"
1222,"option 2",true,"Research overview"
1223,"option 2",true,"Research publications"
1224,"option 1",false,"Lexicon"
1225,"option 1",true,"Research publications"
1226,"option 1",false,"Standards specifications"
1227,"option 4",true,"Research overview"
1228,"option 1",false,"Standards specifications"
1229,"option 2",true,"Research publications"
1230,"option 2",false,"Lexicon"
1231,"option 3",true,"Standards specifications"
1232,"option 2",true,"Research publications"
1233,"option 4",true,"Research overview"
1234,"option 5",true,"Research overview"
1235,"option 4",true,"Research overview"
1236,"option 1",true,"Research publications"
1237,"option 3",true,"Research publications"
1238,"option 2",false,"Research overview"
1239,"option 2",true,"Research overview"
1240,"option 4",false,"Research publications"
1241,"option 2",false,"Standards specifications"
1242,"option 3",false,"Research publications"
1243,"option 5",true,"Research overview"
1244,"option 1",false,"Lexicon"
1245,"option 5",true,"Standards overview"
1246,"option 1",false,"Standards specifications"
1247,"option 4",true,"Research overview"
1248,"option 3",false,"Standards specifications"
1249,"option 3",false,"Research publications"
1250,"option 1",true,"Lexicon"
1251,"option 2",true,"Research publications"
1252,"option 2",true,"Research publications"
1253,"option 3",true,"Standards specifications"
1254,"option 4",true,"Standards specifications"
1255,"option 2",false,"Research publications"
1256,"option 2",true,"Research overview"
1257,"option 2",true,"Research publications"
1258,"option 1",false,"Standards overview"
1259,"option 3",true,"Standards overview"
1260,"option 3",false,"Research overview"
1261,"option 1",true,"Research publications"
1262,"option 1",true,"Research publications"
1263,"option 4",true,"Research publications"
1264,"option 1",true,"Standards specifications"
1265,"option 3",false,"Research publications"
1266,"option 2",true,"Research overview"
1267,"option 1",true,"Standards specifications"
1268,"option 4",true,"Research overview"
1269,"option 3",true,"Research publications"
1270,"option 2",true,"Research overview"
1271,"option 2",true,"Research overview"
1272,"option 1",true,"Standards specifications"
1273,"option 3",true,"Standards specifications"
1274,"option 2",false,"Standards specifications"
1275,"option 3",true,"Lexicon"
1276,"option 4",true,"Research publications"
1277,"option 1",false,"Standards specifications"
1278,"option 3",true,"Research overview"
1279,"option 2",true,"Research publications"
1280,"option 3",true,"Research publications"
1281,"option 1",false,"Standards specifications"
1282,"option 4",true,"Research publications"
1283,"option 2",true,"Standards specifications"
1284,"option 1",true,"Standards overview"
1285,"option 3",false,"Research publications"
1286,"option 3",false,"Research publications"
1287,"option 4",false,"Standards specifications"
1288,"option 2",true,"Standards specifications"
1289,"option 3",true,"Research publications"
1290,"option 5",true,"Research publications"
1291,"option 3",false,"Research publications"
1292,"option 1",true,"Standards specifications"
1293,"option 4",true,"Research overview"
1294,"option 4",true,"Research overview"
1295,"option 3",false,"Standards specifications"
1296,"option 1",false,"Research overview"
1297,"option 2",true,"Research publications"
1298,"option 5",false,"Research publications"
1299,"option 1",true,"Standards overview"
1300,"option 1",false,"Research overview"
1301,"option 5",false,"Research overview"
1302,"option 2",false,"Research publications"
1303,"option 1",true,"Research overview"
1304,"option 5",true,"Lexicon"
1305,"option 1",true,"Research overview"
1306,"option 1",false,"Research publications"
1307,"option 1",true,"Research publications"
1308,"option 2",true,"Research overview"
1309,"option 1",false,"Lexicon"
1310,"option 1",true,"Standards specifications"
1311,"option 1",true,"Standards specifications"
1312,"option 2",true,"Standards specifications"
1313,"option 2",false,"Research overview"
1314,"option 5",true,"Research publications"
1315,"option 2",true,"Research publications"
1316,"option 1",true,"Research overview"
1317,"option 1",true,"Research publications"
1318,"option 5",true,"Standards specifications"
1319,"option 1",false,"Research publications"
1320,"option 2",true,"Standards overview"
1321,"option 3",false,"Standards specifications"
1322,"option 4",false,"Research publications"
1323,"option 4",true,"Standards specifications"
1324,"option 1",false,"Research publications"
1325,"option 2",false,"Research overview"
1326,"option 1",false,"Research publications"
1327,"option 2",true,"Research overview"
1328,"option 5",true,"Research publications"
1329,"option 2",true,"Research publications"
1330,"option 4",true,"Standards overview"
1331,"option 3",true,"Standards specifications"
1332,"option 2",true,"Research publications"
1333,"option 3",false,"Research publications"
1334,"option 3",false,"Research publications"
1335,"option 4",true,"Research publications"
1336,"option 3",true,"Research publications"
1337,"option 3",true,"Standards overview"
1338,"option 4",true,"Research publications"
1339,"option 1",false,"Research publications"
1340,"option 4",true,"Research publications"
1341,"option 3",true,"Research publications"
1342,"option 3",false,"Research publications"
1343,"option 2",true,"Standards specifications"
1344,"option 1",false,"Research publications"
1345,"option 5",false,"Standards specifications"
1346,"option 4",true,"Research publications"
1347,"option 2",true,"Research publications"
1348,"option 2",true,"Standards specifications"
1349,"option 4",true,"Research publications"
1350,"option 1",true,"Research publications"
1351,"option 1",true,"Research overview"
1352,"option 2",true,"Standards specifications"
1353,"option 5",true,"Research publications"
1354,"option 4",true,"Research publications"
1355,"option 1",false,"Standards overview"
1356,"option 1",false,"Research publications"
1357,"option 4",true,"Research overview"
1358,"option 4",true,"Standards specifications"
1359,"option 3",true,"Research publications"
1360,"option 1",true,"Research publications"
1361,"option 2",true,"Standards specifications"
1362,"option 4",true,"Research overview"
1363,"option 2",true,"Research publications"
1364,"option 3",true,"Research publications"
1365,"option 4",true,"Lexicon"
1366,"option 2",true,"Lexicon"
1367,"option 4",true,"Research publications"
1368,"option 1",false,"Research overview"
1369,"option 4",true,"Research publications"
1370,"option 1",false,"Standards specifications"
1371,"option 2",true,"Research publications"
1372,"option 4",true,"Research publications"
1373,"option 2",true,"Research overview"
1374,"option 1",false,"Standards overview"
1375,"option 4",true,"Standards specifications"
1376,"option 3",true,"Lexicon"
1377,"option 5",true,"Research publications"
1378,"option 1",true,"Standards overview"
1379,"option 4",true,"Standards specifications"
1380,"option 4",false,"Standards specifications"
1381,"option 3",false,"Standards specifications"
1382,"option 2",true,"Research publications"
1383,"option 1",false,"Standards specifications"
1384,"option 1",true,"Research publications"
1385,"option 2",true,"Research publications"
1386,"option 1",false,"Research publications"
1387,"option 1",false,"Standards specifications"
1388,"option 1",true,"Research publications"
1389,"option 1",true,"Standards specifications"
1390,"option 3",true,"Research publications"
1391,"option 2",true,"Standards overview"
1392,"option 4",true,"Research publications"
1393,"option 3",true,"Research publications"
1394,"option 4",false,"Research overview"
1395,"option 4",true,"Standards specifications"
1396,"option 1",true,"Research overview"
1397,"option 3",true,"Standards specifications"
1398,"option 4",false,"Research overview"
1399,"option 2",true,"Standards overview"
1400,"option 5",true,"Standards specifications"
1401,"option 2",true,"Standards overview"
1402,"option 1",false,"Research publications"
1403,"option 1",true,"Research overview"
1404,"option 2",true,"Research publications"
1405,"option 5",true,"Research overview"
1406,"option 4",true,"Research publications"
1407,"option 2",true,"Research publications"
1408,"option 1",true,"Research publications"
1409,"option 1",true,"Research publications"
1410,"option 4",false,"Research overview"
1411,"option 3",false,"Standards specifications"
1412,"option 1",true,"Research publications"
1413,"option 1",true,"Research publications"
1414,"option 4",true,"Research overview"
1415,"option 4",true,"Research publications"
1416,"option 1",true,"Research overview"
1417,"option 2",true,"Research publications"
1418,"option 4",false,"Research publications"
1419,"option 4",true,"Research publications"
1420,"option 2",true,"Research publications"
1421,"option 5",true,"Standards overview"
1422,"option 1",false,"Standards overview"
1423,"option 1",true,"Research publications"
1424,"option 3",true,"Lexicon"
1425,"option 4",true,"Standards specifications"
1426,"option 3",false,"Standards specifications"
1427,"option 2",true,"Standards specifications"
1428,"option 2",true,"Research overview"
1429,"option 2",true,"Research overview"
1430,"option 4",false,"Research publications"
1431,"option 3",false,"Research publications"
1432,"option 2",false,"Research publications"
1433,"option 1",true,"Standards specifications"
1434,"option 5",true,"Research publications"
1435,"option 4",false,"Research overview"
1436,"option 3",true,"Standards specifications"
1437,"option 2",true,"Research overview"
1438,"option 1",true,"Research publications"
1439,"option 3",false,"Research publications"
1440,"option 4",false,"Research publications"
1441,"option 2",true,"Research publications"
1442,"option 2",true,"Research publications"
1443,"option 4",true,"Research publications"
1444,"option 3",true,"Research publications"
1445,"option 4",true,"Standards specifications"
1446,"option 3",false,"Research publications"
1447,"option 4",true,"Research publications"
1448,"option 3",true,"Research publications"
1449,"option 2",false,"Standards specifications"
1450,"option 4",true,"Research publications"
1451,"option 2",true,"Research overview"
1452,"option 4",true,"Research overview"
1453,"option 2",true,"Research publications"
1454,"option 5",true,"Research overview"
1455,"option 3",false,"Research publications"
1456,"option 3",false,"Standards overview"
1457,"option 3",true,"Research publications"
1458,"option 4",false,"Standards specifications"
1459,"option 2",true,"Standards specifications"
1460,"option 1",true,"Research publications"
1461,"option 2",true,"Standards specifications"
1462,"option 2",true,"Research publications"
1463,"option 4",false,"Standards specifications"
1464,"option 3",false,"Research overview"
1465,"option 1",true,"Research publications"
1466,"option 5",true,"Research overview"
1467,"option 5",true,"Research publications"
1468,"option 4",true,"Research publications"
1469,"option 4",true,"Research overview"
1470,"option 5",true,"Research publications"
1471,"option 5",false,"Standards overview"
1472,"option 4",true,"Research overview"
1473,"option 2",true,"Standards overview"
1474,"option 2",true,"Research publications"
1475,"option 3",false,"Standards specifications"
1476,"option 2",false,"Standards specifications"
1477,"option 4",false,"Research publications"
1478,"option 1",true,"Standards overview"
1479,"option 4",true,"Standards specifications"
1480,"option 4",false,"Standards specifications"
1481,"option 5",false,"Research publications"
1482,"option 4",false,"Research publications"
1483,"option 1",false,"Research overview"
1484,"option 3",false,"Research publications"
1485,"option 1",true,"Lexicon"
1486,"option 4",true,"Standards overview"
1487,"option 4",true,"Research publications"
1488,"option 3",false,"Standards specifications"
1489,"option 3",false,"Research overview"
1490,"option 1",true,"Research publications"
1491,"option 4",true,"Standards overview"
1492,"option 3",false,"Research publications"
1493,"option 2",true,"Research overview"
1494,"option 3",true,"Lexicon"
1495,"option 1",true,"Standards specifications"
1496,"option 4",false,"Research overview"
1497,"option 3",true,"Standards specifications"
1498,"option 2",true,"Research overview"
1499,"option 2",true,"Lexicon"
1500,"option 2",true,"Research publications"
1501,"option 3",true,"Research overview"
1502,"option 1",false,"Research publications"
1503,"option 2",true,"Standards specifications"
1504,"option 3",true,"Research overview"
1505,"option 5",true,"Standards overview"
1506,"option 4",true,"Research publications"
1507,"option 1",true,"Research overview"
1508,"option 1",false,"Standards specifications"
1509,"option 3",true,"Research publications"
1510,"option 5",true,"Research publications"
1511,"option 2",true,"Lexicon"
1512,"option 1",false,"Standards specifications"
1513,"option 1",false,"Research publications"
1514,"option 1",true,"Research publications"
1515,"option 1",true,"Research publications"
1516,"option 2",true,"Research publications"
1517,"option 1",true,"Research publications"
1518,"option 4",true,"Research publications"
1519,"option 4",false,"Lexicon"
1520,"option 2",true,"Research publications"
1521,"option 2",true,"Research publications"
1522,"option 3",true,"Standards specifications"
1523,"option 5",false,"Research publications"
1524,"option 1",false,"Standards specifications"
1525,"option 3",true,"Research publications"
1526,"option 3",true,"Research overview"
1527,"option 1",false,"Lexicon"
1528,"option 2",true,"Lexicon"
1529,"option 5",true,"Research overview"
1530,"option 1",true,"Research publications"
1531,"option 1",false,"Research publications"
1532,"option 2",false,"Standards specifications"
1533,"option 5",false,"Research publications"
1534,"option 1",true,"Standards overview"
1535,"option 5",true,"Research publications"
1536,"option 4",true,"Research publications"
1537,"option 5",true,"Research publications"
1538,"option 1",false,"Standards specifications"
1539,"option 3",false,"Research overview"
1540,"option 5",true,"Research publications"
1541,"option 2",false,"Standards overview"
1542,"option 4",true,"Standards specifications"
1543,"option 4",true,"Standards overview"
1544,"option 1",true,"Research publications"
1545,"option 4",false,"Standards specifications"
1546,"option 4",true,"Research overview"
1547,"option 1",true,"Research publications"
1548,"option 3",false,"Research overview"
1549,"option 1",false,"Research publications"
1550,"option 5",false,"Standards specifications"
1551,"option 1",false,"Research overview"
1552,"option 4",true,"Research overview"
1553,"option 1",false,"Research publications"
1554,"option 1",true,"Research publications"
1555,"option 2",false,"Research overview"
1556,"option 2",true,"Lexicon"
1557,"option 3",true,"Research publications"
1558,"option 4",true,"Lexicon"
1559,"option 1",false,"Research publications"
1560,"option 1",true,"Research publications"
1561,"option 4",true,"Research overview"
1562,"option 4",false,"Standards specifications"
1563,"option 1",true,"Research publications"
1564,"option 1",true,"Standards specifications"
1565,"option 4",true,"Research publications"
1566,"option 1",false,"Standards specifications"
1567,"option 4",true,"Lexicon"
1568,"option 5",true,"Research publications"
1569,"option 3",false,"Research publications"
1570,"option 3",true,"Research publications"
1571,"option 1",true,"Research overview"
1572,"option 2",true,"Research publications"
1573,"option 1",false,"Standards specifications"
1574,"option 1",true,"Standards overview"
1575,"option 3",true,"Lexicon"
1576,"option 1",true,"Lexicon"
1577,"option 3",true,"Research overview"
1578,"option 2",true,"Research overview"
1579,"option 4",true,"Standards specifications"
1580,"option 2",true,"Standards specifications"
1581,"option 1",true,"Standards specifications"
1582,"option 1",true,"Research publications"
1583,"option 5",false,"Standards specifications"
1584,"option 3",true,"Research publications"
1585,"option 2",true,"Standards overview"
1586,"option 2",true,"Standards overview"
1587,"option 2",true,"Standards specifications"
1588,"option 2",true,"Standards overview"
1589,"option 1",true,"Research overview"
1590,"option 2",true,"Research publications"
1591,"option 3",true,"Research publications"
1592,"option 3",true,"Research publications"
1593,"option 5",true,"Research overview"
1594,"option 3",true,"Research publications"
1595,"option 4",false,"Standards specifications"
1596,"option 2",false,"Research overview"
1597,"option 5",true,"Research publications"
1598,"option 5",true,"Research overview"
1599,"option 2",false,"Standards specifications"
1600,"option 3",true,"Research publications"
1601,"option 3",false,"Research publications"
1602,"option 1",true,"Research overview"
1603,"option 4",true,"Research publications"
1604,"option 4",true,"Standards overview"
1605,"option 3",true,"Research publications"
1606,"option 3",true,"Research publications"
1607,"option 2",false,"Research publications"
1608,"option 5",true,"Research publications"
1609,"option 1",true,"Standards specifications"
1610,"option 1",false,"Research publications"
1611,"option 1",true,"Research publications"
1612,"option 2",false,"Research overview"
1613,"option 1",false,"Research publications"
1614,"option 4",true,"Standards specifications"
1615,"option 5",true,"Research overview"
1616,"option 4",true,"Research publications"
1617,"option 2",false,"Research publications"
1618,"option 2",true,"Standards specifications"
1619,"option 3",false,"Standards overview"
1620,"option 3",true,"Lexicon"
1621,"option 2",true,"Research publications"
1622,"option 3",true,"Standards specifications"
1623,"option 2",true,"Research publications"
1624,"option 5",false,"Research publications"
1625,"option 5",true,"Research publications"
1626,"option 4",true,"Research publications"
1627,"option 5",true,"Research publications"
1628,"option 1",true,"Research publications"
1629,"option 4",true,"Research overview"
1630,"option 2",true,"Standards overview"
1631,"option 3",true,"Research overview"
1632,"option 4",true,"Research overview"
1633,"option 1",false,"Research publications"
1634,"option 3",true,"Research overview"
1635,"option 3",true,"Research publications"
1636,"option 3",true,"Research publications"
1637,"option 4",true,"Research publications"
1638,"option 1",true,"Research publications"
1639,"option 5",true,"Research overview"
1640,"option 1",false,"Standards specifications"
1641,"option 1",true,"Standards specifications"
1642,"option 1",true,"Standards overview"
1643,"option 4",false,"Research publications"
1644,"option 2",true,"Standards specifications"
1645,"option 3",true,"Research publications"
1646,"option 2",true,"Research publications"
1647,"option 4",true,"Standards overview"
1648,"option 1",false,"Research publications"
1649,"option 1",true,"Research publications"
1650,"option 3",true,"Standards specifications"
1651,"option 2",true,"Standards specifications"
1652,"option 1",true,"Standards specifications"
1653,"option 2",true,"Research overview"
1654,"option 4",true,"Research overview"
1655,"option 3",true,"Research publications"
1656,"option 1",true,"Research publications"
1657,"option 2",true,"Research overview"
1658,"option 2",true,"Research overview"
1659,"option 2",true,"Research overview"
1660,"option 1",true,"Research publications"
1661,"option 2",true,"Research publications"
1662,"option 1",true,"Standards overview"
1663,"option 5",true,"Research publications"
1664,"option 2",true,"Research publications"
1665,"option 2",false,"Research publications"
1666,"option 1",true,"Research publications"
1667,"option 1",false,"Research overview"
1668,"option 1",true,"Research publications"
1669,"option 1",true,"Research publications"
1670,"option 3",true,"Research publications"
1671,"option 1",false,"Research publications"
1672,"option 1",true,"Research publications"
1673,"option 3",true,"Standards specifications"
1674,"option 2",true,"Research publications"
1675,"option 4",true,"Research overview"
1676,"option 4",true,"Research publications"
1677,"option 2",false,"Standards overview"
1678,"option 1",false,"Research overview"
1679,"option 4",true,"Research overview"
1680,"option 3",true,"Research publications"
1681,"option 2",false,"Standards specifications"
1682,"option 2",true,"Standards specifications"
1683,"option 2",false,"Research publications"
1684,"option 3",true,"Research publications"
1685,"option 5",true,"Research publications"
1686,"option 4",true,"Research publications"
1687,"option 3",false,"Standards overview"
1688,"option 2",true,"Research publications"
1689,"option 3",false,"Research publications"
1690,"option 1",true,"Standards specifications"
1691,"option 2",true,"Research publications"
1692,"option 2",true,"Research publications"
1693,"option 3",true,"Research publications"
1694,"option 2",true,"Research publications"
1695,"option 3",false,"Standards specifications"
1696,"option 2",false,"Research publications"
1697,"option 3",true,"Research publications"
1698,"option 4",true,"Research publications"
1699,"option 3",true,"Research overview"
1700,"option 2",false,"Lexicon"
1701,"option 1",false,"Lexicon"
1702,"option 1",true,"Research publications"
1703,"option 1",true,"Standards specifications"
1704,"option 5",true,"Research overview"
1705,"option 1",true,"Research overview"
1706,"option 1",true,"Research overview"
1707,"option 1",true,"Standards specifications"
1708,"option 1",true,"Standards specifications"
1709,"option 3",true,"Research overview"
1710,"option 2",true,"Research publications"
1711,"option 1",false,"Standards overview"
1712,"option 2",false,"Research overview"
1713,"option 4",true,"Research publications"
1714,"option 1",true,"Research overview"
1715,"option 3",false,"Standards specifications"
1716,"option 1",true,"Research publications"
1717,"option 3",false,"Research publications"
1718,"option 3",true,"Research publications"
1719,"option 2",true,"Standards specifications"
1720,"option 1",true,"Research overview"
1721,"option 4",false,"Standards specifications"
1722,"option 4",true,"Research publications"
1723,"option 3",true,"Research publications"
1724,"option 4",false,"Standards overview"
1725,"option 4",true,"Research overview"
1726,"option 1",true,"Research overview"
1727,"option 1",true,"Research publications"
1728,"option 3",false,"Standards specifications"
1729,"option 2",true,"Research publications"
1730,"option 3",true,"Research publications"
1731,"option 1",true,"Research publications"
1732,"option 5",true,"Research overview"
1733,"option 1",true,"Standards overview"
1734,"option 2",false,"Standards specifications"
1735,"option 1",false,"Research overview"
1736,"option 3",false,"Standards specifications"
1737,"option 3",true,"Research publications"
1738,"option 1",true,"Research publications"
1739,"option 5",true,"Research overview"
1740,"option 4",true,"Research publications"
1741,"option 1",true,"Research publications"
1742,"option 3",true,"Research publications"
1743,"option 3",true,"Research publications"
1744,"option 1",true,"Research publications"
1745,"option 4",true,"Research publications"
1746,"option 1",true,"Standards overview"
1747,"option 1",false,"Standards specifications"
1748,"option 5",false,"Research overview"
1749,"option 2",true,"Research overview"
1750,"option 2",false,"Standards specifications"
1751,"option 5",true,"Standards specifications"
1752,"option 2",true,"Research overview"
1753,"option 1",false,"Research publications"
1754,"option 3",true,"Standards overview"
1755,"option 3",true,"Research publications"
1756,"option 4",true,"Research publications"
1757,"option 5",true,"Standards overview"
1758,"option 1",false,"Standards specifications"
1759,"option 1",false,"Research publications"
1760,"option 3",true,"Standards overview"
1761,"option 1",false,"Research publications"
1762,"option 2",true,"Research publications"
1763,"option 4",true,"Research overview"
1764,"option 5",true,"Research publications"
1765,"option 5",true,"Research publications"
1766,"option 5",false,"Research publications"
1767,"option 2",true,"Research overview"
1768,"option 1",false,"Standards overview"
1769,"option 4",false,"Research publications"
1770,"option 3",true,"Standards specifications"
1771,"option 1",true,"Research publications"
1772,"option 2",true,"Research overview"
1773,"option 4",false,"Research publications"
1774,"option 2",true,"Standards overview"
1775,"option 1",false,"Research publications"
1776,"option 4",false,"Research publications"
1777,"option 4",true,"Research overview"
1778,"option 2",true,"Research overview"
1779,"option 3",true,"Research publications"
1780,"option 2",true,"Standards overview"
1781,"option 4",true,"Research publications"
1782,"option 1",true,"Research publications"
1783,"option 3",false,"Research publications"
1784,"option 1",true,"Research publications"
1785,"option 4",true,"Standards specifications"
1786,"option 5",true,"Research publications"
1787,"option 2",false,"Standards specifications"
1788,"option 1",false,"Research publications"
1789,"option 4",true,"Lexicon"
1790,"option 5",true,"Research publications"
1791,"option 1",true,"Standards specifications"
1792,"option 1",false,"Research overview"
1793,"option 2",true,"Research overview"
1794,"option 4",true,"Research publications"
1795,"option 1",false,"Lexicon"
1796,"option 3",true,"Research overview"
1797,"option 2",true,"Research publications"
1798,"option 4",false,"Standards specifications"
1799,"option 4",false,"Research publications"
1800,"option 4",true,"Research publications"
1801,"option 5",false,"Standards specifications"
1802,"option 1",true,"Research publications"
1803,"option 1",false,"Research publications"
1804,"option 4",true,"Standards overview"
1805,"option 2",true,"Standards specifications"
1806,"option 3",true,"Research publications"
1807,"option 1",false,"Standards specifications"
1808,"option 1",true,"Research publications"
1809,"option 3",true,"Lexicon"
1810,"option 3",true,"Standards specifications"
1811,"option 4",true,"Research publications"
1812,"option 4",true,"Standards overview"
1813,"option 5",true,"Standards specifications"
1814,"option 1",false,"Standards specifications"
1815,"option 2",true,"Research overview"
1816,"option 1",false,"Lexicon"
1817,"option 3",false,"Research overview"
1818,"option 3",true,"Research publications"
1819,"option 3",true,"Research publications"
1820,"option 4",true,"Standards overview"
1821,"option 1",true,"Standards specifications"
1822,"option 2",false,"Standards specifications"
1823,"option 5",false,"Research publications"
1824,"option 4",false,"Research publications"
1825,"option 5",true,"Lexicon"
1826,"option 1",false,"Research publications"
1827,"option 2",true,"Research publications"
1828,"option 5",true,"Standards overview"
1829,"option 2",true,"Standards overview"
1830,"option 2",false,"Research overview"
1831,"option 5",true,"Research overview"
1832,"option 1",false,"Research publications"
1833,"option 2",true,"Research publications"
1834,"option 3",true,"Research publications"
1835,"option 1",true,"Research publications"
1836,"option 1",true,"Research publications"
1837,"option 3",true,"Research publications"
1838,"option 1",false,"Standards specifications"
1839,"option 5",true,"Research overview"
1840,"option 5",true,"Research publications"
1841,"option 2",true,"Standards specifications"
1842,"option 3",true,"Research publications"
1843,"option 2",true,"Research publications"
1844,"option 5",true,"Research overview"
1845,"option 1",false,"Research overview"
1846,"option 2",true,"Research publications"
1847,"option 3",false,"Standards specifications"
1848,"option 1",true,"Research overview"
1849,"option 1",true,"Research publications"
1850,"option 2",true,"Research publications"
1851,"option 4",false,"Research publications"
1852,"option 1",false,"Research publications"
1853,"option 4",true,"Standards overview"
1854,"option 1",false,"Research publications"
1855,"option 4",false,"Standards specifications"
1856,"option 1",true,"Lexicon"
1857,"option 3",false,"Research overview"
1858,"option 2",true,"Research publications"
1859,"option 4",true,"Research publications"
1860,"option 1",false,"Standards overview"
1861,"option 2",true,"Standards overview"
1862,"option 1",true,"Research publications"
1863,"option 5",true,"Research overview"
1864,"option 2",true,"Research publications"
1865,"option 4",false,"Standards overview"
1866,"option 5",false,"Research overview"
1867,"option 1",true,"Research publications"
1868,"option 4",true,"Standards overview"
1869,"option 5",false,"Standards specifications"
1870,"option 4",false,"Research publications"
1871,"option 3",true,"Research overview"
1872,"option 2",false,"Research overview"
1873,"option 3",true,"Standards specifications"
1874,"option 4",true,"Research overview"
1875,"option 4",false,"Standards specifications"
1876,"option 2",true,"Standards overview"
1877,"option 3",false,"Standards specifications"
1878,"option 4",false,"Research overview"
1879,"option 4",true,"Research publications"
1880,"option 2",true,"Research publications"
1881,"option 5",false,"Standards specifications"
1882,"option 3",true,"Research publications"
1883,"option 2",true,"Research publications"
1884,"option 5",true,"Standards specifications"
1885,"option 4",true,"Research overview"
1886,"option 1",false,"Research publications"
1887,"option 1",false,"Research publications"
1888,"option 3",true,"Research publications"
1889,"option 1",true,"Research overview"
1890,"option 5",true,"Research overview"
1891,"option 1",true,"Standards specifications"
1892,"option 1",true,"Research overview"
1893,"option 4",true,"Lexicon"
1894,"option 1",true,"Standards specifications"
1895,"option 4",true,"Research overview"
1896,"option 2",true,"Standards specifications"
1897,"option 1",true,"Research overview"
1898,"option 2",true,"Standards specifications"
1899,"option 2",true,"Research publications"
1900,"option 4",true,"Research publications"
1901,"option 2",false,"Research publications"
1902,"option 4",false,"Standards specifications"
1903,"option 1",false,"Standards overview"
1904,"option 4",true,"Research publications"
1905,"option 3",true,"Research publications"
1906,"option 1",false,"Research publications"
1907,"option 2",false,"Standards overview"
1908,"option 3",true,"Research publications"
1909,"option 4",true,"Standards overview"
1910,"option 3",false,"Research publications"
1911,"option 1",true,"Research publications"
1912,"option 2",false,"Research publications"
1913,"option 4",false,"Research publications"
1914,"option 2",true,"Research publications"
1915,"option 4",true,"Research publications"
1916,"option 1",true,"Research overview"
1917,"option 3",false,"Research overview"
1918,"option 5",false,"Standards specifications"
1919,"option 5",true,"Research publications"
1920,"option 3",true,"Research overview"
1921,"option 3",false,"Research publications"
1922,"option 4",false,"Standards overview"
1923,"option 1",false,"Research publications"
1924,"option 3",true,"Research publications"
1925,"option 2",false,"Research publications"
1926,"option 4",true,"Research publications"
1927,"option 5",true,"Research publications"
1928,"option 1",true,"Research overview"
1929,"option 4",true,"Standards overview"
1930,"option 2",false,"Research publications"
1931,"option 2",true,"Research publications"
1932,"option 3",false,"Research overview"
1933,"option 5",true,"Lexicon"
1934,"option 1",true,"Research publications"
1935,"option 1",true,"Lexicon"
1936,"option 2",false,"Research publications"
1937,"option 3",true,"Research publications"
1938,"option 2",true,"Research publications"
1939,"option 1",false,"Research overview"
1940,"option 5",true,"Research publications"
1941,"option 1",true,"Research overview"
1942,"option 4",true,"Research publications"
1943,"option 4",false,"Lexicon"
1944,"option 3",false,"Research overview"
1945,"option 2",true,"Standards specifications"
1946,"option 1",true,"Research publications"
1947,"option 3",true,"Standards specifications"
1948,"option 5",true,"Research overview"
1949,"option 3",false,"Research publications"
1950,"option 2",true,"Lexicon"
1951,"option 2",true,"Research overview"
1952,"option 1",true,"Research publications"
1953,"option 2",true,"Lexicon"
1954,"option 4",true,"Research publications"
1955,"option 4",true,"Research publications"
1956,"option 3",false,"Standards specifications"
1957,"option 2",true,"Research overview"
1958,"option 1",false,"Research publications"
1959,"option 1",true,"Standards overview"
1960,"option 3",true,"Research overview"
1961,"option 2",false,"Standards overview"
1962,"option 4",true,"Research publications"
1963,"option 2",false,"Standards specifications"
1964,"option 1",true,"Research publications"
1965,"option 3",false,"Research overview"
1966,"option 3",true,"Research overview"
1967,"option 3",false,"Research publications"
1968,"option 1",true,"Research publications"
1969,"option 4",true,"Research overview"
1970,"option 4",false,"Research overview"
1971,"option 1",true,"Research publications"
1972,"option 2",true,"Research publications"
1973,"option 4",false,"Research publications"
1974,"option 5",true,"Research publications"
1975,"option 4",false,"Standards specifications"
1976,"option 5",false,"Standards specifications"
1977,"option 5",true,"Research publications"
1978,"option 1",true,"Research publications"
1979,"option 4",false,"Standards specifications"
1980,"option 2",false,"Standards specifications"
1981,"option 1",false,"Standards specifications"
1982,"option 2",true,"Research publications"
1983,"option 1",false,"Research overview"
1984,"option 3",true,"Research publications"
1985,"option 3",false,"Standards specifications"
1986,"option 2",true,"Research overview"
1987,"option 4",false,"Standards overview"
1988,"option 1",false,"Standards specifications"
1989,"option 2",true,"Research overview"
1990,"option 4",true,"Research overview"
1991,"option 4",true,"Research overview"
1992,"option 1",true,"Research publications"
1993,"option 1",false,"Standards overview"
1994,"option 1",false,"Research publications"
1995,"option 1",true,"Research publications"
1996,"option 1",false,"Standards specifications"
1997,"option 3",false,"Research publications"
1998,"option 4",true,"Research overview"
1999,"option 2",false,"Research publications"
2000,"option 4",true,"Research publications"
2001,"option 1",false,"Research publications"
2002,"option 3",true,"Research overview"
2003,"option 1",false,"Standards overview"
2004,"option 3",true,"Research publications"
2005,"option 4",true,"Research publications"
2006,"option 4",true,"Research publications"
2007,"option 3",false,"Standards specifications"
2008,"option 1",true,"Standards overview"
2009,"option 2",true,"Standards specifications"
2010,"option 1",false,"Research publications"
2011,"option 2",true,"Research publications"
2012,"option 1",false,"Lexicon"
2013,"option 5",true,"Research overview"
2014,"option 2",true,"Standards overview"
2015,"option 4",false,"Standards specifications"
2016,"option 3",true,"Research publications"
2017,"option 2",false,"Standards specifications"
2018,"option 2",true,"Standards specifications"
2019,"option 4",true,"Research publications"
2020,"option 2",true,"Research publications"
2021,"option 3",false,"Research overview"
2022,"option 3",false,"Research overview"
2023,"option 3",true,"Standards specifications"
2024,"option 3",true,"Research publications"
2025,"option 3",true,"Standards specifications"
2026,"option 3",true,"Research publications"
2027,"option 1",false,"Research publications"
2028,"option 1",false,"Research overview"
2029,"option 4",true,"Standards overview"
2030,"option 1",false,"Research overview"
2031,"option 1",true,"Standards specifications"
2032,"option 2",true,"Standards overview"
2033,"option 2",true,"Research overview"
2034,"option 1",false,"Research publications"
2035,"option 2",true,"Research overview"
2036,"option 2",true,"Research overview"
2037,"option 1",true,"Research publications"
2038,"option 2",true,"Research publications"
2039,"option 1",true,"Research publications"
2040,"option 3",true,"Lexicon"
2041,"option 1",true,"Research overview"
2042,"option 2",true,"Standards specifications"
2043,"option 1",true,"Standards specifications"
2044,"option 4",true,"Research publications"
2045,"option 3",true,"Research publications"
2046,"option 4",true,"Research publications"
2047,"option 4",true,"Research publications"
2048,"option 1",false,"Standards specifications"
2049,"option 1",true,"Lexicon"
2050,"option 1",false,"Lexicon"
2051,"option 5",false,"Research overview"
2052,"option 1",true,"Research publications"
2053,"option 1",true,"Research publications"
2054,"option 2",true,"Research publications"
2055,"option 1",true,"Research publications"
2056,"option 2",true,"Lexicon"
2057,"option 1",false,"Standards overview"
2058,"option 4",true,"Research publications"
2059,"option 5",true,"Research overview"
2060,"option 5",false,"Standards specifications"
2061,"option 2",false,"Standards specifications"
2062,"option 1",true,"Research publications"
2063,"option 2",false,"Research publications"
2064,"option 4",false,"Research publications"
2065,"option 5",false,"Research publications"
2066,"option 4",true,"Research publications"
2067,"option 3",true,"Standards overview"
2068,"option 4",true,"Lexicon"
2069,"option 3",true,"Research publications"
2070,"option 3",true,"Research overview"
2071,"option 1",true,"Research publications"
2072,"option 4",true,"Research publications"
2073,"option 1",false,"Research overview"
2074,"option 1",false,"Research publications"
2075,"option 4",true,"Research publications"
2076,"option 1",false,"Standards overview"
2077,"option 4",false,"Research publications"
2078,"option 5",false,"Research publications"
2079,"option 1",false,"Standards specifications"
2080,"option 1",true,"Standards overview"
2081,"option 2",false,"Standards overview"
2082,"option 2",false,"Standards specifications"
2083,"option 5",true,"Research overview"
2084,"option 2",true,"Lexicon"
2085,"option 1",true,"Research publications"
2086,"option 1",true,"Standards specifications"
2087,"option 4",false,"Research overview"
2088,"option 3",false,"Research overview"
2089,"option 1",false,"Research overview"
2090,"option 1",true,"Research publications"
2091,"option 1",true,"Research overview"
2092,"option 5",true,"Research publications"
2093,"option 3",false,"Standards overview"
2094,"option 5",true,"Research publications"
2095,"option 2",true,"Lexicon"
2096,"option 1",true,"Research publications"
2097,"option 1",true,"Standards specifications"
2098,"option 5",true,"Standards overview"
2099,"option 2",true,"Research publications"
2100,"option 3",true,"Research overview"
2101,"option 2",true,"Standards specifications"
2102,"option 2",false,"Standards specifications"
2103,"option 2",true,"Research overview"
2104,"option 3",true,"Research publications"
2105,"option 2",false,"Standards specifications"
2106,"option 4",true,"Standards specifications"
2107,"option 1",true,"Research publications"
2108,"option 3",false,"Standards overview"
2109,"option 3",false,"Research publications"
2110,"option 3",true,"Research overview"
2111,"option 2",true,"Research publications"
2112,"option 2",true,"Standards specifications"
2113,"option 3",true,"Research publications"
2114,"option 4",true,"Research overview"
2115,"option 3",true,"Research publications"
2116,"option 2",false,"Standards specifications"
2117,"option 1",true,"Standards overview"
2118,"option 1",false,"Research publications"
2119,"option 1",true,"Research publications"
2120,"option 2",false,"Standards overview"
2121,"option 1",false,"Research overview"
2122,"option 3",false,"Standards specifications"
2123,"option 4",true,"Research overview"
2124,"option 2",true,"Research overview"
2125,"option 3",true,"Research publications"
2126,"option 3",false,"Standards specifications"
2127,"option 2",true,"Research publications"
2128,"option 1",false,"Standards overview"
2129,"option 1",false,"Research publications"
2130,"option 1",true,"Research overview"
2131,"option 3",false,"Standards overview"
2132,"option 4",true,"Research publications"
2133,"option 2",true,"Research overview"
2134,"option 3",true,"Standards overview"
2135,"option 5",true,"Research publications"
2136,"option 4",false,"Standards specifications"
2137,"option 1",true,"Standards specifications"
2138,"option 3",true,"Standards specifications"
2139,"option 4",true,"Research overview"
2140,"option 2",false,"Standards specifications"
2141,"option 4",true,"Standards overview"
2142,"option 5",true,"Research publications"
2143,"option 4",false,"Research publications"
2144,"option 3",true,"Research publications"
2145,"option 2",false,"Standards specifications"
2146,"option 2",true,"Standards overview"
2147,"option 1",false,"Research overview"
2148,"option 4",false,"Research publications"
2149,"option 4",false,"Standards overview"
2150,"option 4",true,"Research publications"
2151,"option 2",true,"Research publications"
2152,"option 1",true,"Standards overview"
2153,"option 3",false,"Research overview"
2154,"option 3",true,"Lexicon"
2155,"option 3",false,"Research publications"
2156,"option 4",true,"Research overview"
2157,"option 3",false,"Research publications"
2158,"option 1",true,"Research publications"
2159,"option 2",true,"Research publications"
2160,"option 1",true,"Standards overview"
2161,"option 3",false,"Research overview"
2162,"option 4",true,"Research publications"
2163,"option 5",true,"Standards specifications"
2164,"option 1",true,"Research publications"
2165,"option 4",true,"Research publications"
2166,"option 2",false,"Standards specifications"
2167,"option 3",true,"Research publications"
2168,"option 4",true,"Research publications"
2169,"option 3",true,"Research publications"
2170,"option 2",false,"Research overview"
2171,"option 2",false,"Research overview"
2172,"option 2",true,"Lexicon"
2173,"option 4",true,"Research overview"
2174,"option 5",true,"Standards overview"
2175,"option 5",true,"Research publications"
2176,"option 5",true,"Standards specifications"
2177,"option 1",false,"Research publications"
2178,"option 3",true,"Research publications"
2179,"option 3",true,"Research publications"
2180,"option 4",false,"Research overview"
2181,"option 1",false,"Research publications"
2182,"option 1",true,"Research overview"
2183,"option 3",true,"Research publications"
2184,"option 1",true,"Research publications"
2185,"option 3",false,"Standards specifications"
2186,"option 4",false,"Standards specifications"
2187,"option 3",false,"Research publications"
2188,"option 1",false,"Standards specifications"
2189,"option 3",true,"Research publications"
2190,"option 4",true,"Standards specifications"
2191,"option 5",true,"Research publications"
2192,"option 1",true,"Research publications"
2193,"option 1",true,"Standards specifications"
2194,"option 4",true,"Research publications"
2195,"option 2",true,"Research publications"
2196,"option 1",false,"Standards specifications"
2197,"option 1",false,"Standards specifications"
2198,"option 2",true,"Research publications"
2199,"option 3",true,"Research publications"
2200,"option 3",true,"Research publications"
2201,"option 3",false,"Research publications"
2202,"option 1",false,"Research publications"
2203,"option 1",true,"Research overview"
2204,"option 4",false,"Research publications"
2205,"option 2",true,"Standards specifications"
2206,"option 2",true,"Research publications"
2207,"option 2",true,"Research publications"
2208,"option 3",true,"Standards specifications"
2209,"option 3",true,"Research publications"
2210,"option 1",false,"Standards overview"
2211,"option 4",false,"Research publications"
2212,"option 3",true,"Research publications"
2213,"option 3",true,"Research overview"
2214,"option 5",false,"Standards specifications"
2215,"option 2",true,"Research overview"
2216,"option 1",false,"Standards specifications"
2217,"option 1",true,"Standards overview"
2218,"option 1",false,"Research overview"
2219,"option 5",true,"Research publications"
2220,"option 1",true,"Research publications"
2221,"option 2",true,"Standards specifications"
2222,"option 4",true,"Research publications"
2223,"option 3",true,"Research publications"
2224,"option 1",true,"Standards specifications"
2225,"option 1",true,"Research overview"
2226,"option 2",true,"Research publications"
2227,"option 5",false,"Research publications"
2228,"option 3",true,"Standards specifications"
2229,"option 1",true,"Lexicon"
2230,"option 1",false,"Research publications"
2231,"option 4",true,"Standards specifications"
2232,"option 2",true,"Research publications"
2233,"option 1",false,"Research overview"
2234,"option 2",true,"Research publications"
2235,"option 4",false,"Research publications"
2236,"option 4",true,"Research overview"
2237,"option 2",true,"Research publications"
2238,"option 1",false,"Research overview"
2239,"option 2",false,"Research publications"
2240,"option 5",true,"Research publications"
2241,"option 1",true,"Research publications"
2242,"option 4",true,"Research overview"
2243,"option 1",true,"Standards overview"
2244,"option 3",true,"Research publications"
2245,"option 1",false,"Standards overview"
2246,"option 5",true,"Research publications"
2247,"option 4",true,"Standards overview"
2248,"option 3",false,"Standards specifications"
2249,"option 1",true,"Research publications"
2250,"option 4",false,"Research publications"
2251,"option 2",true,"Research overview"
2252,"option 4",true,"Standards overview"
2253,"option 1",false,"Research publications"
2254,"option 2",false,"Standards specifications"
2255,"option 5",true,"Research overview"
2256,"option 5",true,"Standards specifications"
2257,"option 1",false,"Research publications"
2258,"option 1",true,"Research publications"
2259,"option 1",false,"Standards specifications"
2260,"option 1",true,"Standards overview"
2261,"option 1",true,"Research publications"
2262,"option 3",true,"Research overview"
2263,"option 5",true,"Research publications"
2264,"option 1",false,"Standards specifications"
2265,"option 3",true,"Research publications"
2266,"option 5",true,"Research publications"
2267,"option 4",true,"Lexicon"
2268,"option 1",false,"Standards specifications"
2269,"option 2",true,"Research overview"
2270,"option 1",true,"Standards overview"
2271,"option 4",true,"Research publications"
2272,"option 5",true,"Lexicon"
2273,"option 4",false,"Research publications"
2274,"option 2",true,"Research overview"
2275,"option 3",true,"Research publications"
2276,"option 1",false,"Standards specifications"
2277,"option 1",true,"Research publications"
2278,"option 4",false,"Standards overview"
2279,"option 1",true,"Standards specifications"
2280,"option 5",true,"Research publications"
2281,"option 4",true,"Research overview"
2282,"option 1",true,"Research publications"
2283,"option 4",false,"Research overview"
2284,"option 3",true,"Research publications"
2285,"option 1",false,"Research publications"
2286,"option 2",false,"Standards specifications"
2287,"option 4",true,"Research overview"
2288,"option 3",true,"Research publications"
2289,"option 2",false,"Standards specifications"
2290,"option 4",true,"Research publications"
2291,"option 4",false,"Standards specifications"
2292,"option 4",true,"Standards overview"
2293,"option 4",true,"Standards overview"
2294,"option 3",true,"Research publications"
2295,"option 5",true,"Research publications"
2296,"option 4",true,"Standards specifications"
2297,"option 3",true,"Lexicon"
2298,"option 1",true,"Research publications"
2299,"option 4",true,"Research publications"
2300,"option 1",false,"Research publications"
2301,"option 3",true,"Research publications"
2302,"option 3",true,"Research publications"
2303,"option 1",true,"Research overview"
2304,"option 4",true,"Standards overview"
2305,"option 5",false,"Research publications"
2306,"option 4",true,"Research publications"
2307,"option 2",false,"Research publications"
2308,"option 5",false,"Standards specifications"
2309,"option 1",true,"Research publications"
2310,"option 2",false,"Standards specifications"
2311,"option 2",true,"Research publications"
2312,"option 4",true,"Research overview"
2313,"option 1",false,"Research publications"
2314,"option 1",true,"Research publications"
2315,"option 4",false,"Standards specifications"
2316,"option 1",true,"Research publications"
2317,"option 1",true,"Standards overview"
2318,"option 2",true,"Research overview"
2319,"option 3",false,"Research publications"
2320,"option 4",true,"Standards overview"
2321,"option 1",false,"Standards overview"
2322,"option 1",false,"Research publications"
2323,"option 1",true,"Lexicon"
2324,"option 4",true,"Standards overview"
2325,"option 1",true,"Research publications"
2326,"option 3",false,"Standards specifications"
2327,"option 2",true,"Research publications"
2328,"option 1",true,"Research publications"
2329,"option 1",true,"Standards overview"
2330,"option 4",true,"Standards overview"
2331,"option 2",false,"Research publications"
2332,"option 1",false,"Research publications"
2333,"option 3",true,"Research publications"
2334,"option 5",true,"Research publications"
2335,"option 3",true,"Research overview"
2336,"option 3",false,"Research publications"
2337,"option 2",false,"Standards specifications"
2338,"option 4",false,"Research publications"
2339,"option 4",true,"Research publications"
2340,"option 1",false,"Research publications"
2341,"option 3",true,"Standards specifications"
2342,"option 4",true,"Research publications"
2343,"option 3",true,"Research publications"
2344,"option 4",true,"Research publications"
2345,"option 3",true,"Research publications"
2346,"option 4",true,"Research publications"
2347,"option 4",true,"Standards specifications"
2348,"option 4",true,"Research publications"
2349,"option 1",true,"Research publications"
2350,"option 4",true,"Research overview"
2351,"option 4",true,"Research publications"
2352,"option 3",true,"Standards specifications"
2353,"option 4",true,"Research publications"
2354,"option 1",true,"Research publications"
2355,"option 2",false,"Standards specifications"
2356,"option 1",true,"Research overview"
2357,"option 2",true,"Standards overview"
2358,"option 5",true,"Standards overview"
2359,"option 2",true,"Standards overview"
2360,"option 4",true,"Research overview"
2361,"option 2",true,"Research overview"
2362,"option 4",true,"Research overview"
2363,"option 4",false,"Research overview"
2364,"option 4",true,"Lexicon"
2365,"option 1",true,"Standards specifications"
2366,"option 4",true,"Research publications"
2367,"option 4",false,"Standards specifications"
2368,"option 4",true,"Lexicon"
2369,"option 3",true,"Standards overview"
2370,"option 4",false,"Standards specifications"
2371,"option 1",false,"Research publications"
2372,"option 2",false,"Research publications"
2373,"option 5",false,"Lexicon"
2374,"option 1",false,"Research overview"
2375,"option 1",true,"Research overview"
2376,"option 4",true,"Research publications"
2377,"option 3",true,"Research overview"
2378,"option 1",true,"Research publications"
2379,"option 2",false,"Research publications"
2380,"option 3",false,"Standards specifications"
2381,"option 3",true,"Research overview"
2382,"option 2",false,"Standards specifications"
2383,"option 1",false,"Research publications"
2384,"option 3",true,"Research publications"
2385,"option 1",true,"Standards overview"
2386,"option 4",true,"Standards specifications"
2387,"option 1",false,"Lexicon"
2388,"option 3",true,"Research overview"
2389,"option 3",true,"Research publications"
2390,"option 4",true,"Research publications"
2391,"option 3",false,"Research publications"
2392,"option 1",false,"Research overview"
2393,"option 4",true,"Research publications"
2394,"option 1",true,"Research publications"
2395,"option 1",true,"Research publications"
2396,"option 2",true,"Standards specifications"
2397,"option 3",false,"Standards overview"
2398,"option 1",true,"Research publications"
2399,"option 3",true,"Research publications"
2400,"option 3",true,"Research publications"
2401,"option 4",true,"Research publications"
2402,"option 2",true,"Standards overview"
2403,"option 1",true,"Research publications"
2404,"option 3",false,"Standards specifications"
2405,"option 2",true,"Research overview"
2406,"option 1",true,"Research publications"
2407,"option 3",true,"Research overview"
2408,"option 5",false,"Standards specifications"
2409,"option 4",true,"Research publications"
2410,"option 5",false,"Research overview"
2411,"option 2",true,"Research publications"
2412,"option 3",false,"Standards specifications"
2413,"option 1",true,"Research overview"
2414,"option 1",true,"Standards specifications"
2415,"option 1",true,"Research publications"
2416,"option 1",true,"Lexicon"
2417,"option 1",true,"Research publications"
2418,"option 3",true,"Research publications"
2419,"option 4",true,"Research publications"
2420,"option 1",true,"Research overview"
2421,"option 4",false,"Research publications"
2422,"option 3",true,"Standards overview"
2423,"option 3",true,"Research publications"
2424,"option 2",true,"Standards overview"
2425,"option 4",true,"Research overview"
2426,"option 1",false,"Standards specifications"
2427,"option 2",false,"Research publications"
2428,"option 3",true,"Research publications"
2429,"option 2",false,"Research publications"
2430,"option 2",false,"Standards specifications"
2431,"option 1",true,"Standards specifications"
2432,"option 4",false,"Standards specifications"
2433,"option 3",false,"Standards overview"
2434,"option 2",false,"Standards specifications"
2435,"option 5",true,"Research publications"
2436,"option 3",true,"Lexicon"
2437,"option 4",true,"Research publications"
2438,"option 1",false,"Lexicon"
2439,"option 3",false,"Research publications"
2440,"option 2",true,"Research publications"
2441,"option 1",false,"Research publications"
2442,"option 4",false,"Standards specifications"
2443,"option 5",true,"Standards specifications"
2444,"option 5",true,"Research publications"
2445,"option 1",false,"Lexicon"
2446,"option 2",true,"Research publications"
2447,"option 4",false,"Research publications"
2448,"option 3",true,"Research overview"
2449,"option 2",true,"Research publications"
2450,"option 2",false,"Research publications"
2451,"option 1",true,"Standards specifications"
2452,"option 1",true,"Research publications"
2453,"option 5",true,"Research publications"
2454,"option 1",false,"Research publications"
2455,"option 1",true,"Standards specifications"
2456,"option 4",true,"Standards specifications"
2457,"option 2",true,"Research publications"
2458,"option 5",true,"Research publications"
2459,"option 3",true,"Research publications"
2460,"option 1",true,"Research publications"
2461,"option 4",true,"Standards specifications"
2462,"option 2",true,"Research overview"
2463,"option 5",true,"Research overview"
2464,"option 3",false,"Research overview"
2465,"option 1",true,"Research publications"
2466,"option 3",true,"Research publications"
2467,"option 4",false,"Standards specifications"
2468,"option 2",true,"Research publications"
2469,"option 4",true,"Research publications"
2470,"option 4",true,"Research publications"
2471,"option 1",true,"Standards overview"
2472,"option 1",true,"Research publications"
2473,"option 2",true,"Standards specifications"
2474,"option 1",false,"Standards overview"
2475,"option 3",false,"Research publications"
2476,"option 5",true,"Research overview"
2477,"option 1",false,"Standards specifications"
2478,"option 4",false,"Research overview"
2479,"option 1",true,"Research publications"
2480,"option 5",true,"Standards specifications"
2481,"option 1",true,"Standards specifications"
2482,"option 5",true,"Research overview"
2483,"option 3",true,"Standards overview"
2484,"option 1",false,"Research publications"
2485,"option 3",false,"Standards specifications"
2486,"option 4",true,"Research overview"
2487,"option 3",true,"Standards overview"
2488,"option 4",false,"Standards specifications"
2489,"option 4",true,"Research publications"
2490,"option 3",true,"Standards overview"
2491,"option 4",false,"Standards specifications"
2492,"option 1",false,"Research publications"
2493,"option 3",false,"Standards overview"
2494,"option 1",false,"Standards specifications"
2495,"option 3",true,"Research publications"
2496,"option 2",false,"Research publications"
2497,"option 1",true,"Research publications"
2498,"option 4",true,"Standards overview"
2499,"option 5",true,"Research overview"
2500,"option 5",true,"Research overview"
2501,"option 2",true,"Lexicon"
2502,"option 1",true,"Research overview"
2503,"option 3",false,"Research publications"
2504,"option 4",false,"Research publications"
2505,"option 4",false,"Research publications"
2506,"option 3",false,"Standards specifications"
2507,"option 2",false,"Standards specifications"
2508,"option 1",false,"Standards specifications"
2509,"option 1",false,"Standards overview"
2510,"option 1",true,"Standards specifications"
2511,"option 1",false,"Research publications"
2512,"option 2",true,"Research publications"
2513,"option 5",true,"Research publications"
2514,"option 4",true,"Research publications"
2515,"option 2",true,"Research overview"
2516,"option 3",true,"Research publications"
2517,"option 4",true,"Research overview"
2518,"option 2",true,"Standards specifications"
2519,"option 5",true,"Research publications"
2520,"option 4",true,"Standards specifications"
2521,"option 5",true,"Research publications"
2522,"option 3",true,"Research publications"
2523,"option 1",true,"Standards specifications"
2524,"option 1",true,"Research publications"
2525,"option 4",true,"Research publications"
2526,"option 3",true,"Standards specifications"
2527,"option 3",false,"Research overview"
2528,"option 1",true,"Research overview"
2529,"option 1",true,"Research overview"
2530,"option 2",false,"Research publications"
2531,"option 1",false,"Standards specifications"
2532,"option 2",true,"Lexicon"
2533,"option 3",true,"Standards specifications"
2534,"option 3",false,"Standards overview"
2535,"option 3",true,"Research overview"
2536,"option 4",true,"Research overview"
2537,"option 3",false,"Standards specifications"
2538,"option 2",true,"Research overview"
2539,"option 1",false,"Research publications"
2540,"option 1",true,"Research publications"
2541,"option 2",true,"Research overview"
2542,"option 1",true,"Standards specifications"
2543,"option 1",false,"Research overview"
2544,"option 1",false,"Lexicon"
2545,"option 3",false,"Research overview"
2546,"option 3",false,"Research overview"
2547,"option 5",true,"Research overview"
2548,"option 3",true,"Research overview"
2549,"option 1",true,"Standards overview"
2550,"option 4",true,"Standards overview"
2551,"option 2",true,"Research overview"
2552,"option 5",true,"Research publications"
2553,"option 3",true,"Standards overview"
2554,"option 1",true,"Research overview"
2555,"option 3",false,"Research overview"
2556,"option 2",false,"Research publications"
2557,"option 4",true,"Research publications"
2558,"option 5",true,"Research publications"
2559,"option 2",true,"Research publications"
2560,"option 3",true,"Research publications"
2561,"option 3",false,"Standards overview"
2562,"option 4",false,"Standards specifications"
2563,"option 1",false,"Research overview"
2564,"option 4",false,"Research overview"
2565,"option 3",true,"Standards specifications"
2566,"option 3",true,"Research publications"
2567,"option 1",false,"Research overview"
2568,"option 1",false,"Research publications"
2569,"option 2",true,"Research publications"
2570,"option 1",false,"Standards overview"
2571,"option 5",true,"Research publications"
2572,"option 2",false,"Research overview"
2573,"option 3",true,"Research publications"
2574,"option 1",true,"Research publications"
2575,"option 4",false,"Research overview"
2576,"option 1",false,"Standards specifications"
2577,"option 1",false,"Lexicon"
2578,"option 1",true,"Research publications"
2579,"option 5",true,"Research publications"
2580,"option 1",true,"Research publications"
2581,"option 3",true,"Standards specifications"
2582,"option 4",true,"Standards specifications"
2583,"option 1",true,"Research publications"
2584,"option 3",true,"Research publications"
2585,"option 1",true,"Research overview"
2586,"option 1",false,"Research publications"
2587,"option 1",true,"Research publications"
2588,"option 4",true,"Research publications"
2589,"option 2",true,"Research publications"
2590,"option 3",false,"Standards overview"
2591,"option 3",true,"Research publications"
2592,"option 3",true,"Standards specifications"
2593,"option 1",false,"Research publications"
2594,"option 2",true,"Research publications"
2595,"option 1",true,"Research publications"
2596,"option 1",false,"Standards specifications"
2597,"option 1",true,"Research overview"
2598,"option 2",false,"Standards overview"
2599,"option 1",true,"Research publications"
2600,"option 2",false,"Research publications"
2601,"option 3",true,"Research overview"
2602,"option 1",true,"Research publications"
2603,"option 2",true,"Research publications"
2604,"option 3",true,"Research publications"
2605,"option 3",false,"Research publications"
2606,"option 3",true,"Research overview"
2607,"option 4",true,"Lexicon"
2608,"option 2",false,"Standards specifications"
2609,"option 4",true,"Research publications"
2610,"option 1",true,"Research publications"
2611,"option 3",true,"Research publications"
2612,"option 2",true,"Standards specifications"
2613,"option 4",true,"Research overview"
2614,"option 2",false,"Standards specifications"
2615,"option 1",true,"Research publications"
2616,"option 3",false,"Research publications"
2617,"option 1",false,"Research publications"
2618,"option 5",true,"Lexicon"
2619,"option 4",true,"Research publications"
2620,"option 1",false,"Research publications"
2621,"option 5",false,"Research publications"
2622,"option 5",true,"Research publications"
2623,"option 3",true,"Standards overview"
2624,"option 2",true,"Research publications"
2625,"option 2",false,"Research overview"
2626,"option 2",true,"Research publications"
2627,"option 4",true,"Lexicon"
2628,"option 1",false,"Research publications"
2629,"option 1",true,"Research publications"
2630,"option 4",true,"Research publications"
2631,"option 4",true,"Research overview"
2632,"option 3",true,"Research publications"
2633,"option 3",true,"Standards specifications"
2634,"option 1",true,"Research publications"
2635,"option 3",true,"Research publications"
2636,"option 3",false,"Research publications"
2637,"option 3",true,"Standards specifications"
2638,"option 5",true,"Standards overview"
2639,"option 3",true,"Research overview"
2640,"option 1",false,"Standards specifications"
2641,"option 4",false,"Research publications"
2642,"option 4",true,"Lexicon"
2643,"option 2",false,"Standards specifications"
2644,"option 1",false,"Research publications"
2645,"option 3",true,"Lexicon"
2646,"option 1",true,"Standards overview"
2647,"option 3",false,"Research overview"
2648,"option 3",true,"Research publications"
2649,"option 1",true,"Research publications"
2650,"option 1",true,"Lexicon"
2651,"option 2",true,"Research publications"
2652,"option 4",false,"Standards specifications"
2653,"option 4",false,"Research overview"
2654,"option 4",false,"Standards specifications"
2655,"option 2",true,"Research publications"
2656,"option 3",true,"Research publications"
2657,"option 3",true,"Research publications"
2658,"option 1",false,"Research overview"
2659,"option 4",true,"Standards overview"
2660,"option 1",false,"Lexicon"
2661,"option 3",false,"Research overview"
2662,"option 4",true,"Research publications"
2663,"option 2",true,"Research publications"
2664,"option 3",true,"Lexicon"
2665,"option 4",false,"Research overview"
2666,"option 1",false,"Standards specifications"
2667,"option 4",true,"Research publications"
2668,"option 5",true,"Standards overview"
2669,"option 1",true,"Research overview"
2670,"option 2",true,"Research publications"
2671,"option 3",false,"Research overview"
2672,"option 1",true,"Standards specifications"
2673,"option 2",false,"Standards overview"
2674,"option 1",false,"Standards overview"
2675,"option 3",false,"Standards specifications"
2676,"option 1",false,"Research publications"
2677,"option 2",true,"Research publications"
2678,"option 1",true,"Lexicon"
2679,"option 2",true,"Research publications"
2680,"option 2",false,"Research overview"
2681,"option 3",true,"Research publications"
2682,"option 2",false,"Lexicon"
2683,"option 3",true,"Research overview"
2684,"option 1",false,"Research publications"
2685,"option 3",true,"Research publications"
2686,"option 4",false,"Research publications"
2687,"option 2",false,"Research publications"
2688,"option 4",true,"Research publications"
2689,"option 4",false,"Research publications"
2690,"option 2",false,"Research publications"
2691,"option 1",false,"Research publications"
2692,"option 3",true,"Research publications"
2693,"option 4",true,"Research publications"
2694,"option 4",true,"Research publications"
2695,"option 1",false,"Research publications"
2696,"option 5",false,"Research publications"
2697,"option 4",true,"Research publications"
2698,"option 5",true,"Research publications"
2699,"option 5",true,"Standards overview"
2700,"option 3",true,"Research overview"
2701,"option 1",false,"Research publications"
2702,"option 1",false,"Research publications"
2703,"option 1",false,"Research overview"
2704,"option 3",true,"Research publications"
2705,"option 4",false,"Research overview"
2706,"option 5",true,"Standards specifications"
2707,"option 4",true,"Research publications"
2708,"option 2",true,"Standards specifications"
2709,"option 4",true,"Research overview"
2710,"option 2",true,"Research publications"
2711,"option 5",true,"Research publications"
2712,"option 3",true,"Research overview"
2713,"option 2",true,"Research publications"
2714,"option 1",true,"Research publications"
2715,"option 3",false,"Research overview"
2716,"option 4",true,"Standards specifications"
2717,"option 3",false,"Research overview"
2718,"option 3",true,"Standards specifications"
2719,"option 2",false,"Research publications"
2720,"option 1",false,"Standards specifications"
2721,"option 4",true,"Research overview"
2722,"option 4",true,"Research overview"
2723,"option 5",true,"Research publications"
2724,"option 4",true,"Research publications"
2725,"option 3",true,"Research publications"
2726,"option 1",true,"Research publications"
2727,"option 1",false,"Research publications"
2728,"option 2",true,"Standards specifications"
2729,"option 1",true,"Standards overview"
2730,"option 3",false,"Research overview"
2731,"option 4",false,"Standards specifications"
2732,"option 2",false,"Research overview"
2733,"option 5",true,"Research overview"
2734,"option 1",false,"Research publications"
2735,"option 1",false,"Research publications"
2736,"option 1",true,"Research publications"
2737,"option 2",false,"Research publications"
2738,"option 3",false,"Research publications"
2739,"option 2",false,"Research publications"
2740,"option 1",true,"Standards overview"
2741,"option 2",false,"Research publications"
2742,"option 2",true,"Standards specifications"
2743,"option 2",false,"Research overview"
2744,"option 4",true,"Research publications"
2745,"option 3",true,"Standards specifications"
2746,"option 2",false,"Lexicon"
2747,"option 4",false,"Research overview"
2748,"option 3",false,"Research publications"
2749,"option 1",true,"Research publications"
2750,"option 4",true,"Research publications"
2751,"option 2",false,"Standards specifications"
2752,"option 1",false,"Standards overview"
2753,"option 4",true,"Research publications"
2754,"option 3",true,"Standards overview"
2755,"option 2",true,"Research publications"
2756,"option 3",true,"Standards specifications"
2757,"option 3",false,"Research publications"
2758,"option 1",false,"Standards specifications"
2759,"option 3",false,"Research publications"
2760,"option 3",true,"Research publications"
2761,"option 2",true,"Research overview"
2762,"option 2",true,"Research publications"
2763,"option 1",false,"Standards specifications"
2764,"option 2",true,"Lexicon"
2765,"option 2",true,"Research overview"
2766,"option 1",false,"Research publications"
2767,"option 2",true,"Standards specifications"
2768,"option 4",true,"Research publications"
2769,"option 2",false,"Research overview"
2770,"option 1",false,"Research publications"
2771,"option 5",false,"Standards specifications"
2772,"option 2",true,"Research publications"
2773,"option 1",true,"Research publications"
2774,"option 2",true,"Research publications"
2775,"option 1",true,"Research overview"
2776,"option 5",true,"Research overview"
2777,"option 3",true,"Research overview"
2778,"option 1",false,"Research publications"
2779,"option 2",true,"Standards specifications"
2780,"option 2",true,"Standards overview"
2781,"option 2",true,"Research publications"
2782,"option 1",false,"Standards overview"
2783,"option 1",true,"Standards specifications"
2784,"option 2",true,"Lexicon"
2785,"option 2",true,"Research publications"
2786,"option 4",true,"Research publications"
2787,"option 5",true,"Research overview"
2788,"option 1",false,"Standards specifications"
2789,"option 4",true,"Research publications"
2790,"option 1",true,"Lexicon"
2791,"option 4",true,"Research publications"
2792,"option 1",true,"Research publications"
2793,"option 4",true,"Standards overview"
2794,"option 5",true,"Research overview"
2795,"option 2",true,"Research publications"
2796,"option 3",true,"Research publications"
2797,"option 3",true,"Research publications"
2798,"option 4",true,"Research publications"
2799,"option 1",false,"Research overview"
2800,"option 4",true,"Research publications"
2801,"option 2",true,"Research publications"
2802,"option 1",false,"Standards specifications"
2803,"option 2",true,"Research publications"
2804,"option 4",false,"Research publications"
2805,"option 2",true,"Research overview"
2806,"option 2",true,"Standards overview"
2807,"option 2",true,"Research overview"
2808,"option 1",true,"Research overview"
2809,"option 1",false,"Research overview"
2810,"option 1",false,"Research publications"
2811,"option 4",true,"Research publications"
2812,"option 3",false,"Standards specifications"
2813,"option 4",true,"Research publications"
2814,"option 2",true,"Research publications"
2815,"option 5",false,"Research publications"
2816,"option 2",false,"Research publications"
2817,"option 2",true,"Research overview"
2818,"option 2",true,"Lexicon"
2819,"option 4",true,"Lexicon"
2820,"option 1",true,"Standards overview"
2821,"option 4",false,"Standards specifications"
2822,"option 2",false,"Lexicon"
2823,"option 3",true,"Research publications"
2824,"option 1",true,"Standards specifications"
2825,"option 4",true,"Research overview"
2826,"option 1",false,"Research overview"
2827,"option 4",false,"Lexicon"
2828,"option 3",true,"Research publications"
2829,"option 1",true,"Research publications"
2830,"option 1",true,"Standards specifications"
2831,"option 2",false,"Research publications"
2832,"option 2",true,"Research publications"
2833,"option 5",true,"Research overview"
2834,"option 4",true,"Research publications"
2835,"option 1",true,"Standards specifications"
2836,"option 2",true,"Research publications"
2837,"option 4",true,"Research publications"
2838,"option 3",false,"Research publications"
2839,"option 2",false,"Research publications"
2840,"option 2",true,"Standards overview"
2841,"option 1",true,"Standards specifications"
2842,"option 4",true,"Lexicon"
2843,"option 5",true,"Lexicon"
2844,"option 3",false,"Research publications"
2845,"option 1",true,"Standards specifications"
2846,"option 1",true,"Research overview"
2847,"option 1",false,"Research overview"
2848,"option 1",true,"Research publications"
2849,"option 2",false,"Research overview"
2850,"option 1",false,"Research publications"
2851,"option 1",true,"Standards overview"
2852,"option 3",false,"Research publications"
2853,"option 3",true,"Standards overview"
2854,"option 2",true,"Research overview"
2855,"option 3",false,"Research publications"
2856,"option 3",true,"Lexicon"
2857,"option 2",false,"Research publications"
2858,"option 3",true,"Standards specifications"
2859,"option 5",false,"Standards specifications"
2860,"option 2",false,"Research overview"
2861,"option 5",false,"Research publications"
2862,"option 2",false,"Research publications"
2863,"option 4",true,"Standards overview"
2864,"option 2",false,"Research publications"
2865,"option 4",true,"Standards specifications"
2866,"option 3",true,"Standards specifications"
2867,"option 1",true,"Research publications"
2868,"option 3",true,"Research publications"
2869,"option 1",false,"Research overview"
2870,"option 1",true,"Research overview"
2871,"option 3",true,"Research publications"
2872,"option 2",true,"Research publications"
2873,"option 4",true,"Research overview"
2874,"option 4",true,"Standards overview"
2875,"option 3",true,"Standards overview"
2876,"option 1",false,"Standards overview"
2877,"option 2",false,"Research publications"
2878,"option 4",true,"Research publications"
2879,"option 2",false,"Research publications"
2880,"option 1",false,"Research publications"
2881,"option 3",true,"Research overview"
2882,"option 4",true,"Research overview"
2883,"option 1",true,"Research publications"
2884,"option 5",true,"Research overview"
2885,"option 4",true,"Research overview"
2886,"option 4",false,"Research publications"
2887,"option 1",true,"Research overview"
2888,"option 1",true,"Research publications"
2889,"option 1",true,"Research overview"
2890,"option 4",true,"Standards specifications"
2891,"option 3",true,"Standards overview"
2892,"option 2",true,"Lexicon"
2893,"option 3",true,"Research publications"
2894,"option 5",false,"Research publications"
2895,"option 1",true,"Research publications"
2896,"option 4",true,"Research publications"
2897,"option 3",true,"Research publications"
2898,"option 4",true,"Standards specifications"
2899,"option 2",false,"Standards overview"
2900,"option 4",true,"Research publications"
2901,"option 3",false,"Research publications"
2902,"option 2",false,"Research overview"
2903,"option 5",false,"Research publications"
2904,"option 1",false,"Standards specifications"
2905,"option 4",true,"Standards overview"
2906,"option 1",true,"Lexicon"
2907,"option 1",false,"Research overview"
2908,"option 1",true,"Standards overview"
2909,"option 1",true,"Research overview"
2910,"option 4",true,"Research overview"
2911,"option 2",true,"Standards overview"
2912,"option 2",true,"Research publications"
2913,"option 1",true,"Research publications"
2914,"option 4",true,"Research overview"
2915,"option 2",true,"Research overview"
2916,"option 2",false,"Standards specifications"
2917,"option 2",true,"Standards specifications"
2918,"option 3",false,"Research publications"
2919,"option 1",false,"Research publications"
2920,"option 1",false,"Research publications"
2921,"option 3",true,"Research overview"
2922,"option 5",true,"Research publications"
2923,"option 2",true,"Research publications"
2924,"option 4",true,"Standards specifications"
2925,"option 1",false,"Standards overview"
2926,"option 2",true,"Standards overview"
2927,"option 3",true,"Research publications"
2928,"option 4",true,"Research overview"
2929,"option 3",true,"Research publications"
2930,"option 4",false,"Research publications"
2931,"option 1",true,"Standards overview"
2932,"option 1",true,"Research publications"
2933,"option 3",false,"Research publications"
2934,"option 3",true,"Research publications"
2935,"option 2",false,"Research publications"
2936,"option 3",false,"Standards specifications"
2937,"option 2",false,"Research overview"
2938,"option 5",false,"Standards overview"
2939,"option 3",true,"Standards overview"
2940,"option 5",true,"Research publications"
2941,"option 4",true,"Research publications"
2942,"option 2",true,"Standards specifications"
2943,"option 2",true,"Standards overview"
2944,"option 5",true,"Research overview"
2945,"option 1",true,"Research publications"
2946,"option 4",true,"Research publications"
2947,"option 4",true,"Standards specifications"
2948,"option 1",true,"Research publications"
2949,"option 4",true,"Research overview"
2950,"option 2",true,"Research publications"
2951,"option 4",true,"Standards overview"
2952,"option 1",false,"Lexicon"
2953,"option 3",true,"Research publications"
2954,"option 2",true,"Research overview"
2955,"option 5",true,"Standards overview"
2956,"option 3",true,"Research overview"
2957,"option 3",true,"Research overview"
2958,"option 1",true,"Research publications"
2959,"option 5",false,"Research publications"
2960,"option 3",true,"Research publications"
2961,"option 1",false,"Research publications"
2962,"option 2",false,"Standards specifications"
2963,"option 3",true,"Research overview"
2964,"option 4",true,"Standards specifications"
2965,"option 3",false,"Research publications"
2966,"option 2",true,"Standards overview"
2967,"option 5",true,"Research publications"
2968,"option 2",true,"Research publications"
2969,"option 4",true,"Research overview"
2970,"option 5",false,"Standards overview"
2971,"option 2",false,"Research publications"
2972,"option 2",false,"Research publications"
2973,"option 1",true,"Research overview"
2974,"option 3",false,"Research publications"
2975,"option 4",true,"Research publications"
2976,"option 3",true,"Research publications"
2977,"option 3",false,"Standards specifications"
2978,"option 1",true,"Research publications"
2979,"option 1",true,"Research overview"
2980,"option 4",true,"Research overview"
2981,"option 1",true,"Research publications"
2982,"option 2",false,"Standards specifications"
2983,"option 5",true,"Standards overview"
2984,"option 3",true,"Research publications"
2985,"option 5",true,"Research publications"
2986,"option 3",true,"Research overview"
2987,"option 1",true,"Standards specifications"
2988,"option 4",false,"Research publications"
2989,"option 2",false,"Research publications"
2990,"option 2",true,"Research publications"
2991,"option 2",false,"Standards overview"
2992,"option 4",false,"Research publications"
2993,"option 3",false,"Research overview"
2994,"option 1",false,"Research overview"
2995,"option 1",true,"Standards specifications"
2996,"option 2",true,"Standards specifications"
2997,"option 1",true,"Research publications"
2998,"option 4",false,"Standards overview"
2999,"option 3",true,"Research overview"
3000,"option 1",true,"Research overview"
3001,"option 5",true,"Research publications"
3002,"option 1",true,"Research publications"
3003,"option 4",true,"Research publications"
3004,"option 3",true,"Standards specifications"
3005,"option 4",true,"Research publications"
3006,"option 1",false,"Research publications"
3007,"option 4",true,"Research publications"
3008,"option 5",false,"Research publications"
3009,"option 3",true,"Research publications"
3010,"option 3",true,"Research overview"
3011,"option 1",true,"Research overview"
3012,"option 4",true,"Standards specifications"
3013,"option 3",false,"Research publications"
3014,"option 1",true,"Research publications"
3015,"option 4",false,"Standards specifications"
3016,"option 1",false,"Standards overview"
3017,"option 4",true,"Research publications"
3018,"option 4",true,"Research overview"
3019,"option 3",true,"Research publications"
3020,"option 1",true,"Research publications"
3021,"option 1",true,"Research publications"
3022,"option 3",true,"Standards overview"
3023,"option 4",true,"Research publications"
3024,"option 2",true,"Standards specifications"
3025,"option 1",true,"Research publications"
3026,"option 5",true,"Lexicon"
3027,"option 3",true,"Research publications"
3028,"option 2",false,"Research publications"
3029,"option 2",true,"Standards overview"
3030,"option 4",false,"Standards specifications"
3031,"option 2",true,"Research publications"
3032,"option 3",true,"Research overview"
3033,"option 3",true,"Research publications"
3034,"option 4",true,"Standards overview"
3035,"option 1",false,"Research overview"
3036,"option 4",true,"Research publications"
3037,"option 2",true,"Research overview"
3038,"option 2",true,"Lexicon"
3039,"option 1",true,"Standards overview"
3040,"option 4",true,"Research publications"
3041,"option 2",true,"Research publications"
3042,"option 1",false,"Research overview"
3043,"option 2",true,"Research publications"
3044,"option 1",true,"Research publications"
3045,"option 3",true,"Lexicon"
3046,"option 3",true,"Standards specifications"
3047,"option 5",false,"Research publications"
3048,"option 2",true,"Standards specifications"
3049,"option 2",false,"Research publications"
3050,"option 1",true,"Research overview"
3051,"option 1",false,"Standards specifications"
3052,"option 2",false,"Research publications"
3053,"option 4",true,"Research publications"
3054,"option 2",true,"Research overview"
3055,"option 4",true,"Research overview"
3056,"option 3",false,"Research publications"
3057,"option 1",true,"Research publications"
3058,"option 5",true,"Research publications"
3059,"option 1",false,"Research publications"
3060,"option 4",false,"Standards overview"
3061,"option 3",true,"Standards specifications"
3062,"option 1",false,"Standards specifications"
3063,"option 4",false,"Standards specifications"
3064,"option 2",false,"Standards specifications"
3065,"option 2",true,"Research overview"
3066,"option 2",false,"Standards specifications"
3067,"option 1",false,"Research publications"
3068,"option 3",true,"Standards specifications"
3069,"option 1",true,"Standards overview"
3070,"option 1",true,"Standards specifications"
3071,"option 4",true,"Research publications"
3072,"option 5",true,"Standards specifications"
3073,"option 1",false,"Standards overview"
3074,"option 4",true,"Standards specifications"
3075,"option 3",true,"Research publications"
3076,"option 5",true,"Research publications"
3077,"option 4",true,"Research publications"
3078,"option 1",true,"Research publications"
3079,"option 5",false,"Research overview"
3080,"option 4",true,"Standards overview"
3081,"option 2",true,"Research publications"
3082,"option 1",true,"Standards overview"
3083,"option 1",false,"Research overview"
3084,"option 3",true,"Standards specifications"
3085,"option 4",false,"Standards specifications"
3086,"option 3",true,"Research publications"
3087,"option 1",true,"Research publications"
3088,"option 1",true,"Standards overview"
3089,"option 4",true,"Research publications"
3090,"option 3",true,"Research overview"
3091,"option 1",false,"Research publications"
3092,"option 1",true,"Research publications"
3093,"option 4",false,"Research publications"
3094,"option 1",true,"Lexicon"
3095,"option 4",true,"Research overview"
3096,"option 2",false,"Research publications"
3097,"option 2",true,"Research publications"
3098,"option 3",false,"Research publications"
3099,"option 1",false,"Standards specifications"
3100,"option 3",true,"Standards specifications"
3101,"option 2",false,"Research publications"
3102,"option 2",true,"Research publications"
3103,"option 1",false,"Standards specifications"
3104,"option 3",true,"Research publications"
3105,"option 1",true,"Standards overview"
3106,"option 3",true,"Standards specifications"
3107,"option 1",false,"Research publications"
3108,"option 4",false,"Standards specifications"
3109,"option 3",true,"Research publications"
3110,"option 5",false,"Research overview"
3111,"option 4",false,"Research publications"
3112,"option 2",true,"Research overview"
3113,"option 5",false,"Research publications"
3114,"option 4",true,"Lexicon"
3115,"option 2",true,"Standards overview"
3116,"option 3",true,"Research overview"
3117,"option 4",false,"Standards specifications"
3118,"option 2",true,"Lexicon"
3119,"option 2",true,"Research publications"
3120,"option 1",true,"Research publications"
3121,"option 4",true,"Research publications"
3122,"option 1",false,"Standards specifications"
3123,"option 2",true,"Research publications"
3124,"option 3",true,"Research publications"
3125,"option 4",false,"Research publications"
3126,"option 2",false,"Standards specifications"
3127,"option 4",true,"Standards overview"
3128,"option 2",true,"Research publications"
3129,"option 1",true,"Lexicon"
3130,"option 4",true,"Research overview"
3131,"option 3",true,"Research publications"
3132,"option 4",false,"Standards overview"
3133,"option 1",true,"Standards specifications"
3134,"option 1",true,"Standards specifications"
3135,"option 4",true,"Standards specifications"
3136,"option 1",true,"Standards overview"
3137,"option 3",true,"Standards specifications"
3138,"option 2",true,"Standards overview"
3139,"option 3",true,"Standards overview"
3140,"option 1",true,"Research publications"
3141,"option 4",true,"Standards overview"
3142,"option 3",false,"Research publications"
3143,"option 2",false,"Standards specifications"
3144,"option 3",true,"Standards overview"
3145,"option 4",false,"Research overview"
3146,"option 1",true,"Research publications"
3147,"option 1",true,"Research publications"
3148,"option 4",true,"Standards specifications"
3149,"option 1",true,"Lexicon"
3150,"option 1",true,"Research publications"
3151,"option 4",true,"Standards overview"
3152,"option 3",false,"Research overview"
3153,"option 2",true,"Research overview"
3154,"option 3",false,"Research publications"
3155,"option 4",true,"Research publications"
3156,"option 2",true,"Research overview"
3157,"option 4",true,"Standards overview"
3158,"option 1",true,"Research publications"
3159,"option 5",true,"Research publications"
3160,"option 1",true,"Research publications"
3161,"option 1",true,"Research overview"
3162,"option 4",true,"Standards overview"
3163,"option 2",true,"Research publications"
3164,"option 4",true,"Research publications"
3165,"option 2",true,"Standards overview"
3166,"option 3",true,"Research overview"
3167,"option 4",true,"Research overview"
3168,"option 1",true,"Standards overview"
3169,"option 3",true,"Research overview"
3170,"option 4",false,"Research publications"
3171,"option 1",false,"Research overview"
3172,"option 1",false,"Lexicon"
3173,"option 3",false,"Research publications"
3174,"option 1",true,"Research overview"
3175,"option 4",true,"Research overview"
3176,"option 1",true,"Research publications"
3177,"option 1",false,"Research overview"
3178,"option 3",true,"Standards specifications"
3179,"option 2",false,"Research publications"
3180,"option 3",true,"Standards overview"
3181,"option 4",true,"Research publications"
3182,"option 2",true,"Research publications"
3183,"option 4",true,"Research publications"
3184,"option 3",false,"Standards specifications"
3185,"option 3",true,"Standards overview"
3186,"option 3",true,"Research publications"
3187,"option 1",true,"Research publications"
3188,"option 4",true,"Research overview"
3189,"option 3",false,"Standards specifications"
3190,"option 1",false,"Research overview"
3191,"option 2",true,"Research overview"
3192,"option 1",false,"Research overview"
3193,"option 5",true,"Research publications"
3194,"option 5",true,"Lexicon"
3195,"option 2",true,"Research publications"
3196,"option 1",false,"Standards overview"
3197,"option 4",true,"Research overview"
3198,"option 4",true,"Research publications"
3199,"option 1",false,"Research overview"
3200,"option 2",true,"Research publications"
3201,"option 4",true,"Research publications"
3202,"option 3",true,"Research overview"
3203,"option 2",false,"Research publications"
3204,"option 3",true,"Research publications"
3205,"option 4",true,"Lexicon"
3206,"option 4",true,"Standards overview"
3207,"option 5",true,"Research publications"
3208,"option 4",true,"Lexicon"
3209,"option 2",true,"Research publications"
3210,"option 4",true,"Research publications"
3211,"option 1",true,"Research overview"
3212,"option 5",false,"Research overview"
3213,"option 3",true,"Research publications"
3214,"option 2",false,"Research overview"
3215,"option 1",false,"Standards overview"
3216,"option 3",true,"Standards specifications"
3217,"option 1",false,"Research publications"
3218,"option 5",true,"Standards specifications"
3219,"option 1",true,"Lexicon"
3220,"option 5",true,"Research publications"
3221,"option 2",false,"Standards specifications"
3222,"option 1",true,"Standards overview"
3223,"option 4",true,"Research publications"
3224,"option 2",true,"Standards specifications"
3225,"option 3",true,"Research publications"
3226,"option 3",false,"Research publications"
3227,"option 4",true,"Research publications"
3228,"option 1",false,"Research publications"
3229,"option 1",false,"Research publications"
3230,"option 1",true,"Standards overview"
3231,"option 5",true,"Standards specifications"
3232,"option 1",false,"Research publications"
3233,"option 3",true,"Research publications"
3234,"option 2",false,"Standards specifications"
3235,"option 1",true,"Standards overview"
3236,"option 2",false,"Standards specifications"
3237,"option 1",true,"Research publications"
3238,"option 4",false,"Research publications"
3239,"option 2",true,"Standards overview"
3240,"option 5",true,"Research publications"
3241,"option 5",true,"Standards overview"
3242,"option 3",true,"Research publications"
3243,"option 1",false,"Research publications"
3244,"option 2",false,"Research publications"
3245,"option 1",false,"Standards overview"
3246,"option 3",true,"Research overview"
3247,"option 4",true,"Research overview"
3248,"option 1",false,"Research publications"
3249,"option 1",false,"Standards overview"
3250,"option 5",true,"Research publications"
3251,"option 3",true,"Standards specifications"
3252,"option 3",true,"Standards overview"
3253,"option 1",true,"Research overview"
3254,"option 4",true,"Lexicon"
3255,"option 4",true,"Research publications"
3256,"option 1",false,"Standards overview"
3257,"option 3",true,"Research publications"
3258,"option 4",true,"Research overview"
3259,"option 2",true,"Standards specifications"
3260,"option 2",true,"Research publications"
3261,"option 2",false,"Research publications"
3262,"option 4",true,"Research overview"
3263,"option 3",false,"Research overview"
3264,"option 5",true,"Research overview"
3265,"option 4",true,"Standards specifications"
3266,"option 5",true,"Research overview"
3267,"option 3",false,"Research publications"
3268,"option 2",true,"Research publications"
3269,"option 3",false,"Research publications"
3270,"option 3",true,"Standards specifications"
3271,"option 1",true,"Standards specifications"
3272,"option 4",true,"Research publications"
3273,"option 2",true,"Standards specifications"
3274,"option 1",false,"Standards specifications"
3275,"option 5",false,"Standards overview"
3276,"option 4",false,"Research publications"
3277,"option 1",true,"Research publications"
3278,"option 2",true,"Research publications"
3279,"option 4",true,"Research overview"
3280,"option 5",true,"Research overview"
3281,"option 1",false,"Standards overview"
3282,"option 3",true,"Research publications"
3283,"option 4",true,"Research publications"
3284,"option 1",false,"Standards specifications"
3285,"option 5",true,"Standards overview"
3286,"option 3",false,"Standards specifications"
3287,"option 5",false,"Standards specifications"
3288,"option 3",false,"Research overview"
3289,"option 3",false,"Lexicon"
3290,"option 1",true,"Research publications"
3291,"option 1",true,"Standards overview"
3292,"option 4",false,"Lexicon"
3293,"option 5",true,"Research publications"
3294,"option 1",false,"Standards specifications"
3295,"option 5",true,"Research overview"
3296,"option 3",true,"Standards overview"
3297,"option 3",true,"Standards overview"
3298,"option 2",true,"Research overview"
3299,"option 3",false,"Lexicon"
3300,"option 3",true,"Standards overview"
3301,"option 5",true,"Research publications"
3302,"option 3",false,"Research publications"
3303,"option 1",false,"Research publications"
3304,"option 5",true,"Research overview"
3305,"option 3",true,"Research overview"
3306,"option 4",false,"Research overview"
3307,"option 1",true,"Research overview"
3308,"option 3",true,"Standards overview"
3309,"option 4",true,"Standards specifications"
3310,"option 2",true,"Research publications"
3311,"option 5",true,"Lexicon"
3312,"option 2",true,"Standards specifications"
3313,"option 1",true,"Research overview"
3314,"option 2",true,"Research publications"
3315,"option 3",true,"Research publications"
3316,"option 2",false,"Standards specifications"
3317,"option 4",false,"Research overview"
3318,"option 2",false,"Standards specifications"
3319,"option 3",true,"Standards specifications"
3320,"option 4",true,"Research publications"
3321,"option 2",true,"Research publications"
3322,"option 3",true,"Research overview"
3323,"option 1",false,"Research publications"
3324,"option 2",false,"Research overview"
3325,"option 2",true,"Standards specifications"
3326,"option 4",true,"Research publications"
3327,"option 4",true,"Standards overview"
3328,"option 4",true,"Research publications"
3329,"option 4",true,"Research publications"
3330,"option 2",true,"Standards specifications"
3331,"option 5",false,"Research overview"
3332,"option 2",true,"Standards specifications"
3333,"option 3",true,"Research publications"
3334,"option 1",false,"Research publications"
3335,"option 2",true,"Lexicon"
3336,"option 4",true,"Standards specifications"
3337,"option 5",true,"Research overview"
3338,"option 1",false,"Research publications"
3339,"option 4",true,"Lexicon"
3340,"option 4",true,"Research overview"
3341,"option 3",true,"Research publications"
3342,"option 1",false,"Standards specifications"
3343,"option 1",false,"Research publications"
3344,"option 1",true,"Standards specifications"
3345,"option 4",true,"Research publications"
3346,"option 1",true,"Research publications"
3347,"option 2",true,"Research publications"
3348,"option 4",true,"Standards overview"
3349,"option 1",true,"Standards specifications"
3350,"option 2",true,"Research publications"
3351,"option 2",true,"Research publications"
3352,"option 5",false,"Standards specifications"
3353,"option 3",false,"Standards overview"
3354,"option 1",true,"Research publications"
3355,"option 4",true,"Standards overview"
3356,"option 1",true,"Research overview"
3357,"option 1",true,"Research publications"
3358,"option 4",true,"Standards overview"
3359,"option 2",true,"Research publications"
3360,"option 2",false,"Research overview"
3361,"option 1",true,"Research overview"
3362,"option 3",false,"Research publications"
3363,"option 1",false,"Standards overview"
3364,"option 4",true,"Research publications"
3365,"option 2",false,"Research overview"
3366,"option 1",true,"Research publications"
3367,"option 1",true,"Standards specifications"
3368,"option 1",true,"Standards overview"
3369,"option 2",true,"Research publications"
3370,"option 3",true,"Research publications"
3371,"option 5",true,"Research publications"
3372,"option 2",false,"Research publications"
3373,"option 4",true,"Research publications"
3374,"option 5",false,"Research publications"
3375,"option 2",false,"Research publications"
3376,"option 1",false,"Research publications"
3377,"option 1",true,"Standards specifications"
3378,"option 3",false,"Research publications"
3379,"option 3",false,"Research overview"
3380,"option 1",true,"Lexicon"
3381,"option 5",true,"Research publications"
3382,"option 2",true,"Research publications"
3383,"option 3",true,"Lexicon"
3384,"option 1",true,"Research publications"
3385,"option 1",true,"Standards specifications"
3386,"option 2",true,"Research publications"
3387,"option 3",true,"Standards specifications"
3388,"option 5",true,"Standards specifications"
3389,"option 2",true,"Standards specifications"
3390,"option 3",true,"Research overview"
3391,"option 2",false,"Standards specifications"
3392,"option 2",false,"Standards specifications"
3393,"option 1",false,"Standards specifications"
3394,"option 1",true,"Research publications"
3395,"option 1",true,"Research overview"
3396,"option 4",false,"Standards specifications"
3397,"option 2",true,"Standards specifications"
3398,"option 1",false,"Research publications"
3399,"option 1",false,"Standards overview"
3400,"option 3",false,"Research publications"
3401,"option 1",true,"Research overview"
3402,"option 4",false,"Research publications"
3403,"option 1",true,"Research publications"
3404,"option 5",true,"Standards overview"
3405,"option 2",false,"Standards specifications"
3406,"option 4",false,"Research overview"
3407,"option 3",true,"Research overview"
3408,"option 1",true,"Research overview"
3409,"option 2",false,"Standards specifications"
3410,"option 3",false,"Research overview"
3411,"option 2",true,"Research overview"
3412,"option 2",true,"Standards overview"
3413,"option 1",true,"Research publications"
3414,"option 3",true,"Research overview"
3415,"option 2",false,"Research publications"
3416,"option 1",true,"Standards specifications"
3417,"option 2",true,"Research overview"
3418,"option 1",true,"Research overview"
3419,"option 4",true,"Research publications"
3420,"option 1",true,"Research publications"
3421,"option 1",true,"Research publications"
3422,"option 3",true,"Research overview"
3423,"option 1",false,"Standards overview"
3424,"option 2",true,"Research publications"
3425,"option 4",false,"Research publications"
3426,"option 3",false,"Lexicon"
3427,"option 1",true,"Standards specifications"
3428,"option 1",true,"Standards specifications"
3429,"option 2",true,"Research publications"
3430,"option 3",true,"Standards specifications"
3431,"option 3",true,"Research overview"
3432,"option 1",false,"Research publications"
3433,"option 1",true,"Research publications"
3434,"option 2",true,"Standards specifications"
3435,"option 4",true,"Research publications"
3436,"option 1",true,"Research overview"
3437,"option 1",true,"Research overview"
3438,"option 2",false,"Research publications"
3439,"option 3",false,"Standards specifications"
3440,"option 2",true,"Research publications"
3441,"option 4",true,"Research overview"
3442,"option 1",true,"Standards specifications"
3443,"option 4",true,"Research overview"
3444,"option 4",false,"Research publications"
3445,"option 4",true,"Research publications"
3446,"option 4",true,"Research publications"
3447,"option 3",true,"Standards specifications"
3448,"option 3",false,"Research publications"
3449,"option 4",false,"Research publications"
3450,"option 2",true,"Standards specifications"
3451,"option 2",true,"Standards overview"
3452,"option 4",true,"Research publications"
3453,"option 1",true,"Research publications"
3454,"option 3",true,"Research publications"
3455,"option 2",true,"Research publications"
3456,"option 1",true,"Standards specifications"
3457,"option 4",true,"Research publications"
3458,"option 3",true,"Research publications"
3459,"option 3",true,"Standards specifications"
3460,"option 3",true,"Lexicon"
3461,"option 1",false,"Lexicon"
3462,"option 3",true,"Research publications"
3463,"option 1",false,"Research publications"
3464,"option 1",true,"Standards overview"
3465,"option 5",true,"Standards specifications"
3466,"option 2",false,"Standards specifications"
3467,"option 3",false,"Research publications"
3468,"option 1",false,"Research publications"
3469,"option 2",false,"Standards overview"
3470,"option 1",false,"Standards overview"
3471,"option 4",true,"Research publications"
3472,"option 4",true,"Research overview"
3473,"option 1",false,"Standards specifications"
3474,"option 4",false,"Standards specifications"
3475,"option 2",true,"Research publications"
3476,"option 3",true,"Research publications"
3477,"option 1",false,"Research publications"
3478,"option 4",true,"Research publications"
3479,"option 5",false,"Research publications"
3480,"option 2",true,"Standards specifications"
3481,"option 2",false,"Research publications"
3482,"option 2",false,"Research overview"
3483,"option 2",true,"Standards specifications"
3484,"option 3",true,"Standards specifications"
3485,"option 3",true,"Research publications"
3486,"option 4",true,"Research overview"
3487,"option 4",true,"Research overview"
3488,"option 1",true,"Standards overview"
3489,"option 2",true,"Standards specifications"
3490,"option 5",true,"Research publications"
3491,"option 1",false,"Research publications"
3492,"option 4",true,"Research publications"
3493,"option 3",false,"Research publications"
3494,"option 4",true,"Research publications"
3495,"option 4",true,"Research overview"
3496,"option 2",true,"Research overview"
3497,"option 2",true,"Standards overview"
3498,"option 1",true,"Research publications"
3499,"option 2",false,"Lexicon"
3500,"option 1",true,"Research overview"
3501,"option 2",true,"Research publications"
3502,"option 1",false,"Research publications"
3503,"option 2",false,"Research overview"
3504,"option 1",true,"Research overview"
3505,"option 3",true,"Research publications"
3506,"option 3",true,"Research publications"
3507,"option 4",true,"Research overview"
3508,"option 3",true,"Standards specifications"
3509,"option 2",false,"Research publications"
3510,"option 4",false,"Research publications"
3511,"option 1",true,"Research publications"
3512,"option 4",true,"Standards overview"
3513,"option 2",true,"Research publications"
3514,"option 3",false,"Research publications"
3515,"option 3",true,"Research publications"
3516,"option 1",true,"Research publications"
3517,"option 2",false,"Research publications"
3518,"option 1",true,"Research publications"
3519,"option 1",true,"Standards specifications"
3520,"option 2",true,"Research publications"
3521,"option 4",true,"Standards overview"
3522,"option 4",true,"Research publications"
3523,"option 3",false,"Research overview"
3524,"option 2",true,"Research publications"
3525,"option 1",false,"Research overview"
3526,"option 2",true,"Research publications"
3527,"option 4",false,"Standards specifications"
3528,"option 2",false,"Standards specifications"
3529,"option 1",false,"Standards overview"
3530,"option 2",true,"Standards specifications"
3531,"option 2",true,"Standards overview"
3532,"option 4",false,"Research overview"
3533,"option 4",true,"Research publications"
3534,"option 5",true,"Research overview"
3535,"option 2",false,"Research overview"
3536,"option 4",true,"Research overview"
3537,"option 5",false,"Research publications"
3538,"option 4",false,"Research publications"
3539,"option 5",true,"Research overview"
3540,"option 4",true,"Standards specifications"
3541,"option 5",false,"Research publications"
3542,"option 2",true,"Standards specifications"
3543,"option 4",true,"Standards specifications"
3544,"option 1",true,"Research publications"
3545,"option 3",true,"Research publications"
3546,"option 1",true,"Research publications"
3547,"option 5",false,"Standards specifications"
3548,"option 2",true,"Research publications"
3549,"option 3",true,"Research overview"
3550,"option 3",true,"Research overview"
3551,"option 2",true,"Standards overview"
3552,"option 1",true,"Standards specifications"
3553,"option 4",true,"Standards specifications"
3554,"option 2",false,"Research publications"
3555,"option 4",true,"Research overview"
3556,"option 4",false,"Research overview"
3557,"option 1",true,"Research publications"
3558,"option 1",false,"Standards specifications"
3559,"option 2",false,"Standards specifications"
3560,"option 4",false,"Standards specifications"
3561,"option 4",true,"Research publications"
3562,"option 2",true,"Standards specifications"
3563,"option 3",true,"Research publications"
3564,"option 1",true,"Research publications"
3565,"option 4",false,"Research publications"
3566,"option 1",false,"Research publications"
3567,"option 2",false,"Research overview"
3568,"option 1",false,"Research publications"
3569,"option 5",true,"Standards specifications"
3570,"option 1",false,"Standards specifications"
3571,"option 4",false,"Standards specifications"
3572,"option 1",false,"Standards overview"
3573,"option 3",false,"Standards specifications"
3574,"option 3",true,"Research overview"
3575,"option 1",false,"Research overview"
3576,"option 4",true,"Research publications"
3577,"option 3",true,"Research publications"
3578,"option 1",false,"Research publications"
3579,"option 3",false,"Standards specifications"
3580,"option 3",true,"Research publications"
3581,"option 1",false,"Research overview"
3582,"option 2",false,"Research overview"
3583,"option 4",true,"Research publications"
3584,"option 5",true,"Standards specifications"
3585,"option 1",false,"Standards specifications"
3586,"option 1",true,"Standards overview"
3587,"option 2",false,"Research overview"
3588,"option 2",true,"Lexicon"
3589,"option 5",true,"Research publications"
3590,"option 4",true,"Research publications"
3591,"option 3",true,"Standards specifications"
3592,"option 3",true,"Research publications"
3593,"option 4",true,"Standards specifications"
3594,"option 3",true,"Research publications"
3595,"option 3",false,"Research publications"
3596,"option 3",true,"Research publications"
3597,"option 3",true,"Standards specifications"
3598,"option 3",false,"Research overview"
3599,"option 1",true,"Research overview"
3600,"option 1",false,"Research publications"
3601,"option 5",true,"Standards specifications"
3602,"option 4",true,"Research publications"
3603,"option 2",false,"Research overview"
3604,"option 4",true,"Standards specifications"
3605,"option 4",true,"Standards specifications"
3606,"option 5",true,"Research overview"
3607,"option 2",true,"Standards overview"
3608,"option 1",true,"Standards overview"
3609,"option 3",true,"Research publications"
3610,"option 2",true,"Standards specifications"
3611,"option 1",true,"Standards specifications"
3612,"option 1",true,"Lexicon"
3613,"option 1",false,"Research overview"
3614,"option 1",false,"Research publications"
3615,"option 4",false,"Standards specifications"
3616,"option 5",true,"Research publications"
3617,"option 1",true,"Research overview"
3618,"option 1",true,"Research publications"
3619,"option 4",true,"Research overview"
3620,"option 2",false,"Research publications"
3621,"option 3",true,"Research publications"
3622,"option 4",true,"Research overview"
3623,"option 2",true,"Research publications"
3624,"option 2",true,"Research overview"
3625,"option 4",true,"Standards overview"
3626,"option 1",true,"Research overview"
3627,"option 2",false,"Research publications"
3628,"option 5",true,"Standards specifications"
3629,"option 5",true,"Lexicon"
3630,"option 3",true,"Standards specifications"
3631,"option 1",false,"Lexicon"
3632,"option 5",false,"Research publications"
3633,"option 1",false,"Research publications"
3634,"option 5",false,"Standards specifications"
3635,"option 3",true,"Research publications"
3636,"option 5",true,"Research publications"
3637,"option 2",false,"Research publications"
3638,"option 1",true,"Research publications"
3639,"option 3",false,"Research publications"
3640,"option 2",true,"Research publications"
3641,"option 4",true,"Research overview"
3642,"option 1",true,"Standards specifications"
3643,"option 1",true,"Research overview"
3644,"option 3",true,"Research overview"
3645,"option 3",true,"Research overview"
3646,"option 3",true,"Research publications"
3647,"option 4",true,"Research overview"
3648,"option 1",true,"Research publications"
3649,"option 1",false,"Standards specifications"
3650,"option 4",true,"Research overview"
3651,"option 2",true,"Standards specifications"
3652,"option 3",true,"Standards overview"
3653,"option 1",false,"Standards specifications"
3654,"option 2",true,"Research overview"
3655,"option 2",true,"Research overview"
3656,"option 4",true,"Research overview"
3657,"option 3",true,"Standards specifications"
3658,"option 1",false,"Research publications"
3659,"option 2",true,"Research overview"
3660,"option 4",false,"Standards specifications"
3661,"option 3",false,"Standards overview"
3662,"option 1",false,"Research publications"
3663,"option 1",true,"Standards overview"
3664,"option 1",true,"Standards overview"
3665,"option 2",true,"Research publications"
3666,"option 2",true,"Standards specifications"
3667,"option 4",true,"Research overview"
3668,"option 4",true,"Research publications"
3669,"option 2",true,"Research overview"
3670,"option 4",false,"Research overview"
3671,"option 2",true,"Research publications"
3672,"option 3",false,"Lexicon"
3673,"option 5",true,"Standards specifications"
3674,"option 5",true,"Lexicon"
3675,"option 4",true,"Research publications"
3676,"option 2",true,"Lexicon"
3677,"option 3",false,"Standards specifications"
3678,"option 1",false,"Research overview"
3679,"option 3",true,"Standards specifications"
3680,"option 2",true,"Research overview"
3681,"option 1",false,"Research publications"
3682,"option 4",false,"Lexicon"
3683,"option 5",true,"Research publications"
3684,"option 3",false,"Research publications"
3685,"option 5",true,"Research publications"
3686,"option 1",true,"Research publications"
3687,"option 2",true,"Research publications"
3688,"option 4",true,"Standards specifications"
3689,"option 4",true,"Research publications"
3690,"option 2",false,"Research overview"
3691,"option 4",true,"Research publications"
3692,"option 5",false,"Standards overview"
3693,"option 2",true,"Standards specifications"
3694,"option 3",true,"Research publications"
3695,"option 2",true,"Research overview"
3696,"option 3",false,"Research publications"
3697,"option 3",true,"Standards specifications"
3698,"option 3",true,"Standards specifications"
3699,"option 3",true,"Research publications"
3700,"option 5",true,"Standards specifications"
3701,"option 4",true,"Standards specifications"
3702,"option 3",true,"Research overview"
3703,"option 4",false,"Research publications"
3704,"option 1",false,"Standards specifications"
3705,"option 2",true,"Research overview"
3706,"option 1",false,"Research publications"
3707,"option 3",false,"Research publications"
3708,"option 1",false,"Research publications"
3709,"option 3",false,"Research publications"
3710,"option 3",false,"Research publications"
3711,"option 4",false,"Standards overview"
3712,"option 4",false,"Research overview"
3713,"option 4",true,"Research overview"
3714,"option 2",true,"Research overview"
3715,"option 4",false,"Research publications"
3716,"option 4",true,"Research publications"
3717,"option 1",true,"Standards specifications"
3718,"option 4",true,"Research overview"
3719,"option 1",false,"Research publications"
3720,"option 4",true,"Research overview"
3721,"option 2",true,"Research publications"
3722,"option 1",false,"Standards overview"
3723,"option 5",true,"Research publications"
3724,"option 1",true,"Research overview"
3725,"option 1",false,"Research publications"
3726,"option 2",true,"Standards specifications"
3727,"option 1",true,"Standards specifications"
3728,"option 3",true,"Research publications"
3729,"option 1",true,"Research publications"
3730,"option 2",true,"Lexicon"
3731,"option 2",false,"Research overview"
3732,"option 2",true,"Research overview"
3733,"option 4",true,"Research publications"
3734,"option 4",false,"Research publications"
3735,"option 2",false,"Research publications"
3736,"option 3",true,"Research publications"
3737,"option 2",true,"Research publications"
3738,"option 5",true,"Research publications"
3739,"option 2",false,"Research publications"
3740,"option 1",false,"Standards specifications"
3741,"option 2",true,"Lexicon"
3742,"option 3",true,"Standards specifications"
3743,"option 1",true,"Standards specifications"
3744,"option 5",false,"Standards specifications"
3745,"option 2",true,"Standards overview"
3746,"option 3",true,"Research publications"
3747,"option 4",true,"Lexicon"
3748,"option 5",true,"Lexicon"
3749,"option 2",true,"Research publications"
3750,"option 4",true,"Research publications"
3751,"option 1",false,"Standards specifications"
3752,"option 4",true,"Research overview"
3753,"option 2",true,"Research overview"
3754,"option 3",true,"Lexicon"
3755,"option 3",true,"Research overview"
3756,"option 5",true,"Research overview"
3757,"option 1",true,"Research overview"
3758,"option 2",true,"Research publications"
3759,"option 3",true,"Research publications"
3760,"option 2",true,"Research publications"
3761,"option 3",true,"Standards overview"
3762,"option 4",false,"Research overview"
3763,"option 1",true,"Research overview"
3764,"option 3",true,"Standards overview"
3765,"option 4",false,"Research overview"
3766,"option 2",true,"Standards specifications"
3767,"option 2",false,"Research publications"
3768,"option 3",false,"Research publications"
3769,"option 4",true,"Research publications"
3770,"option 3",false,"Research publications"
3771,"option 3",true,"Lexicon"
3772,"option 3",true,"Research publications"
3773,"option 1",true,"Research publications"
3774,"option 1",true,"Research publications"
3775,"option 2",true,"Research publications"
3776,"option 1",true,"Research publications"
3777,"option 4",false,"Research overview"
3778,"option 1",true,"Research publications"
3779,"option 4",true,"Research publications"
3780,"option 1",false,"Research publications"
3781,"option 3",true,"Research overview"
3782,"option 3",true,"Research publications"
3783,"option 4",false,"Standards specifications"
3784,"option 2",false,"Research publications"
3785,"option 4",false,"Standards specifications"
3786,"option 1",true,"Research overview"
3787,"option 1",false,"Standards overview"
3788,"option 3",false,"Standards specifications"
3789,"option 1",true,"Standards specifications"
3790,"option 1",false,"Research publications"
3791,"option 4",true,"Research publications"
3792,"option 3",true,"Research overview"
3793,"option 3",false,"Standards specifications"
3794,"option 4",true,"Standards specifications"
3795,"option 1",false,"Research publications"
3796,"option 1",true,"Research publications"
3797,"option 3",false,"Research overview"
3798,"option 2",true,"Research overview"
3799,"option 2",true,"Standards specifications"
3800,"option 3",true,"Standards specifications"
3801,"option 2",true,"Research overview"
3802,"option 3",false,"Research publications"
3803,"option 4",true,"Research publications"
3804,"option 3",true,"Research overview"
3805,"option 2",true,"Research overview"
3806,"option 1",true,"Standards specifications"
3807,"option 2",true,"Research publications"
3808,"option 5",false,"Research overview"
3809,"option 5",true,"Standards overview"
3810,"option 2",false,"Research publications"
3811,"option 1",false,"Research overview"
3812,"option 3",true,"Research overview"
3813,"option 3",false,"Standards specifications"
3814,"option 2",true,"Research publications"
3815,"option 3",false,"Research publications"
3816,"option 4",true,"Standards specifications"
3817,"option 5",true,"Lexicon"
3818,"option 1",true,"Research overview"
3819,"option 1",true,"Standards specifications"
3820,"option 3",false,"Research publications"
3821,"option 4",true,"Research publications"
3822,"option 3",true,"Standards specifications"
3823,"option 5",true,"Standards specifications"
3824,"option 5",true,"Research publications"
3825,"option 2",false,"Standards specifications"
3826,"option 4",true,"Research overview"
3827,"option 4",true,"Research publications"
3828,"option 2",false,"Standards specifications"
3829,"option 1",true,"Research publications"
3830,"option 1",true,"Research overview"
3831,"option 1",true,"Research publications"
3832,"option 5",true,"Research overview"
3833,"option 5",false,"Research publications"
3834,"option 4",true,"Research publications"
3835,"option 2",false,"Research overview"
3836,"option 4",false,"Standards specifications"
3837,"option 4",false,"Standards specifications"
3838,"option 4",false,"Standards specifications"
3839,"option 3",true,"Research publications"
3840,"option 1",false,"Standards specifications"
3841,"option 1",true,"Standards specifications"
3842,"option 1",false,"Research publications"
3843,"option 1",true,"Research publications"
3844,"option 1",false,"Standards specifications"
3845,"option 3",false,"Standards specifications"
3846,"option 2",false,"Standards overview"
3847,"option 2",true,"Standards specifications"
3848,"option 4",true,"Research publications"
3849,"option 2",false,"Research overview"
3850,"option 4",true,"Research publications"
3851,"option 3",false,"Standards overview"
3852,"option 2",true,"Research publications"
3853,"option 3",false,"Standards specifications"
3854,"option 1",false,"Standards specifications"
3855,"option 3",true,"Research publications"
3856,"option 4",true,"Research publications"
3857,"option 3",false,"Standards specifications"
3858,"option 1",true,"Research publications"
3859,"option 2",true,"Research publications"
3860,"option 4",true,"Research publications"
3861,"option 1",true,"Research overview"
3862,"option 5",true,"Research publications"
3863,"option 3",true,"Research publications"
3864,"option 3",true,"Research publications"
3865,"option 1",true,"Research publications"
3866,"option 5",true,"Research overview"
3867,"option 2",true,"Research overview"
3868,"option 3",true,"Research overview"
3869,"option 1",false,"Research publications"
3870,"option 1",true,"Research overview"
3871,"option 1",true,"Standards overview"
3872,"option 1",true,"Standards overview"
3873,"option 2",true,"Research overview"
3874,"option 2",false,"Standards overview"
3875,"option 4",true,"Standards overview"
3876,"option 1",false,"Research publications"
3877,"option 1",false,"Standards specifications"
3878,"option 3",true,"Standards specifications"
3879,"option 1",true,"Research publications"
3880,"option 1",true,"Research publications"
3881,"option 4",true,"Research publications"
3882,"option 5",false,"Research overview"
3883,"option 1",false,"Standards specifications"
3884,"option 3",false,"Standards specifications"
3885,"option 5",true,"Research publications"
3886,"option 4",false,"Research publications"
3887,"option 1",false,"Standards specifications"
3888,"option 1",true,"Research publications"
3889,"option 2",true,"Research publications"
3890,"option 1",true,"Research publications"
3891,"option 4",true,"Research publications"
3892,"option 1",false,"Research overview"
3893,"option 2",false,"Standards specifications"
3894,"option 1",true,"Research overview"
3895,"option 1",false,"Research publications"
3896,"option 4",true,"Research publications"
3897,"option 4",false,"Research publications"
3898,"option 1",false,"Research publications"
3899,"option 3",true,"Standards overview"
3900,"option 1",false,"Research overview"
3901,"option 3",false,"Research publications"
3902,"option 1",false,"Standards specifications"
3903,"option 2",true,"Research overview"
3904,"option 1",false,"Research publications"
3905,"option 3",true,"Research publications"
3906,"option 3",false,"Standards specifications"
3907,"option 2",true,"Lexicon"
3908,"option 3",false,"Research publications"
3909,"option 1",true,"Standards specifications"
3910,"option 3",false,"Research overview"
3911,"option 4",true,"Research publications"
3912,"option 4",false,"Research publications"
3913,"option 1",true,"Research publications"
3914,"option 1",true,"Research publications"
3915,"option 1",false,"Research publications"
3916,"option 4",true,"Research publications"
3917,"option 2",false,"Standards specifications"
3918,"option 1",true,"Standards specifications"
3919,"option 5",true,"Research overview"
3920,"option 2",false,"Standards overview"
3921,"option 3",true,"Research overview"
3922,"option 3",true,"Research publications"
3923,"option 2",true,"Research overview"
3924,"option 4",true,"Research publications"
3925,"option 1",true,"Research publications"
3926,"option 3",true,"Lexicon"
3927,"option 3",false,"Research publications"
3928,"option 1",true,"Standards specifications"
3929,"option 2",true,"Research publications"
3930,"option 4",true,"Research publications"
3931,"option 1",true,"Standards specifications"
3932,"option 4",true,"Research publications"
3933,"option 1",true,"Research publications"
3934,"option 4",true,"Standards overview"
3935,"option 3",false,"Research publications"
3936,"option 1",true,"Research publications"
3937,"option 3",false,"Standards overview"
3938,"option 4",true,"Standards specifications"
3939,"option 2",true,"Research publications"
3940,"option 5",false,"Research overview"
3941,"option 3",true,"Research publications"
3942,"option 2",true,"Standards overview"
3943,"option 3",true,"Research publications"
3944,"option 3",true,"Research publications"
3945,"option 1",false,"Research publications"
3946,"option 2",false,"Standards overview"
3947,"option 4",true,"Research overview"
3948,"option 2",false,"Research overview"
3949,"option 4",true,"Research publications"
3950,"option 4",true,"Research publications"
3951,"option 4",false,"Research overview"
3952,"option 3",false,"Research overview"
3953,"option 1",false,"Standards specifications"
3954,"option 4",true,"Standards specifications"
3955,"option 4",true,"Research publications"
3956,"option 2",true,"Lexicon"
3957,"option 5",true,"Standards overview"
3958,"option 4",true,"Research publications"
3959,"option 1",false,"Research overview"
3960,"option 3",true,"Research overview"
3961,"option 1",true,"Research publications"
3962,"option 5",false,"Standards specifications"
3963,"option 1",true,"Research publications"
3964,"option 3",true,"Standards specifications"
3965,"option 2",true,"Standards specifications"
3966,"option 1",true,"Research publications"
3967,"option 2",false,"Research overview"
3968,"option 5",false,"Research publications"
3969,"option 2",true,"Standards specifications"
3970,"option 3",true,"Research publications"
3971,"option 1",true,"Research overview"
3972,"option 3",true,"Standards specifications"
3973,"option 3",true,"Research publications"
3974,"option 4",true,"Standards specifications"
3975,"option 4",false,"Research overview"
3976,"option 2",true,"Standards specifications"
3977,"option 4",true,"Research publications"
3978,"option 3",true,"Research publications"
3979,"option 5",false,"Research publications"
3980,"option 3",true,"Research publications"
3981,"option 4",true,"Standards overview"
3982,"option 3",true,"Research publications"
3983,"option 4",true,"Research overview"
3984,"option 4",false,"Research overview"
3985,"option 2",false,"Research overview"
3986,"option 1",false,"Research publications"
3987,"option 4",true,"Standards specifications"
3988,"option 1",true,"Standards specifications"
3989,"option 2",true,"Research overview"
3990,"option 1",false,"Standards specifications"
3991,"option 4",true,"Standards overview"
3992,"option 1",true,"Research publications"
3993,"option 4",true,"Research overview"
3994,"option 4",true,"Research overview"
3995,"option 1",false,"Research publications"
3996,"option 4",false,"Research publications"
3997,"option 5",true,"Standards overview"
3998,"option 2",true,"Research publications"
3999,"option 2",false,"Standards specifications"
4000,"option 3",false,"Research publications"
4001,"option 5",false,"Standards specifications"
4002,"option 1",false,"Research publications"
4003,"option 4",false,"Standards overview"
4004,"option 5",true,"Standards overview"
4005,"option 4",true,"Research overview"
4006,"option 5",true,"Research publications"
4007,"option 2",false,"Research overview"
4008,"option 1",true,"Research publications"
4009,"option 4",true,"Research publications"
4010,"option 1",true,"Research overview"
4011,"option 4",true,"Standards specifications"
4012,"option 1",true,"Standards specifications"
4013,"option 5",true,"Standards specifications"
4014,"option 5",true,"Research publications"
4015,"option 3",false,"Research publications"
4016,"option 4",true,"Research overview"
4017,"option 3",false,"Standards specifications"
4018,"option 1",true,"Standards specifications"
4019,"option 1",true,"Standards specifications"
4020,"option 3",false,"Research publications"
4021,"option 5",false,"Research publications"
4022,"option 4",true,"Research publications"
4023,"option 4",true,"Research overview"
4024,"option 1",false,"Research publications"
4025,"option 5",false,"Research publications"
4026,"option 4",true,"Research overview"
4027,"option 4",true,"Research overview"
4028,"option 1",false,"Research publications"
4029,"option 4",false,"Standards specifications"
4030,"option 4",true,"Lexicon"
4031,"option 2",true,"Research publications"
4032,"option 2",true,"Research publications"
4033,"option 1",true,"Standards specifications"
4034,"option 4",true,"Standards overview"
4035,"option 2",false,"Research overview"
4036,"option 1",true,"Standards overview"
4037,"option 1",false,"Standards specifications"
4038,"option 2",true,"Research publications"
4039,"option 2",true,"Research publications"
4040,"option 2",true,"Research publications"
4041,"option 2",true,"Research publications"
4042,"option 3",false,"Research publications"
4043,"option 1",false,"Standards overview"
4044,"option 3",true,"Lexicon"
4045,"option 5",false,"Research publications"
4046,"option 3",false,"Standards specifications"
4047,"option 3",true,"Standards overview"
4048,"option 2",false,"Standards specifications"
4049,"option 1",false,"Research publications"
4050,"option 4",true,"Research publications"
4051,"option 3",true,"Research overview"
4052,"option 4",true,"Research overview"
4053,"option 3",true,"Research overview"
4054,"option 2",true,"Standards specifications"
4055,"option 2",false,"Standards overview"
4056,"option 1",false,"Research publications"
4057,"option 4",true,"Research publications"
4058,"option 4",true,"Standards overview"
4059,"option 3",false,"Research overview"
4060,"option 5",true,"Research overview"
4061,"option 4",true,"Research publications"
4062,"option 2",true,"Research overview"
4063,"option 1",true,"Standards specifications"
4064,"option 2",true,"Standards specifications"
4065,"option 3",true,"Research overview"
4066,"option 4",true,"Research publications"
4067,"option 1",false,"Research overview"
4068,"option 4",false,"Research publications"
4069,"option 2",true,"Research publications"
4070,"option 1",false,"Research publications"
4071,"option 4",true,"Research publications"
4072,"option 2",false,"Lexicon"
4073,"option 1",true,"Research publications"
4074,"option 5",false,"Research overview"
4075,"option 4",false,"Research overview"
4076,"option 3",true,"Research publications"
4077,"option 4",true,"Research publications"
4078,"option 5",true,"Research overview"
4079,"option 3",false,"Standards overview"
4080,"option 1",false,"Research overview"
4081,"option 1",true,"Standards specifications"
4082,"option 1",true,"Standards overview"
4083,"option 3",false,"Standards specifications"
4084,"option 1",true,"Research publications"
4085,"option 1",true,"Research publications"
4086,"option 1",false,"Research publications"
4087,"option 2",true,"Research publications"
4088,"option 4",false,"Research publications"
4089,"option 4",false,"Standards overview"
4090,"option 3",false,"Standards overview"
4091,"option 1",true,"Research overview"
4092,"option 5",true,"Standards specifications"
4093,"option 1",true,"Standards overview"
4094,"option 2",false,"Research publications"
4095,"option 1",false,"Research publications"
4096,"option 2",true,"Lexicon"
4097,"option 1",false,"Research publications"
4098,"option 3",false,"Standards overview"
4099,"option 4",false,"Standards overview"
4100,"option 4",true,"Research publications"
4101,"option 1",false,"Research publications"
4102,"option 4",true,"Research publications"
4103,"option 3",true,"Standards overview"
4104,"option 5",true,"Research publications"
4105,"option 3",false,"Research publications"
4106,"option 5",true,"Research overview"
4107,"option 1",true,"Research publications"
4108,"option 4",false,"Research publications"
4109,"option 2",true,"Research publications"
4110,"option 3",true,"Research publications"
4111,"option 2",true,"Research publications"
4112,"option 5",true,"Standards overview"
4113,"option 1",false,"Standards specifications"
4114,"option 3",true,"Standards specifications"
4115,"option 1",true,"Standards specifications"
4116,"option 2",true,"Research publications"
4117,"option 3",true,"Standards overview"
4118,"option 3",true,"Research publications"
4119,"option 2",true,"Research publications"
4120,"option 1",true,"Research publications"
4121,"option 4",true,"Research publications"
4122,"option 4",true,"Standards overview"
4123,"option 4",true,"Lexicon"
4124,"option 5",false,"Research overview"
4125,"option 2",false,"Research overview"
4126,"option 4",true,"Research publications"
4127,"option 4",true,"Research overview"
4128,"option 4",true,"Research publications"
4129,"option 3",true,"Research publications"
4130,"option 2",true,"Research publications"
4131,"option 5",true,"Standards specifications"
4132,"option 1",true,"Standards specifications"
4133,"option 4",true,"Research publications"
4134,"option 2",true,"Research overview"
4135,"option 3",false,"Research publications"
4136,"option 1",false,"Standards specifications"
4137,"option 1",true,"Standards specifications"
4138,"option 1",false,"Research publications"
4139,"option 1",true,"Research publications"
4140,"option 1",true,"Research overview"
4141,"option 1",false,"Research publications"
4142,"option 1",false,"Research publications"
4143,"option 1",true,"Standards overview"
4144,"option 4",false,"Research publications"
4145,"option 3",false,"Research overview"
4146,"option 2",true,"Standards specifications"
4147,"option 1",true,"Standards overview"
4148,"option 1",true,"Standards overview"
4149,"option 1",true,"Research publications"
4150,"option 5",true,"Research overview"
4151,"option 2",true,"Research publications"
4152,"option 5",true,"Research overview"
4153,"option 2",false,"Standards overview"
4154,"option 1",false,"Research publications"
4155,"option 1",true,"Research publications"
4156,"option 3",false,"Research publications"
4157,"option 4",false,"Standards overview"
4158,"option 3",true,"Lexicon"
4159,"option 1",false,"Standards specifications"
4160,"option 1",true,"Research publications"
4161,"option 4",true,"Research overview"
4162,"option 3",true,"Research publications"
4163,"option 1",true,"Standards specifications"
4164,"option 1",true,"Research publications"
4165,"option 1",false,"Research publications"
4166,"option 3",true,"Standards overview"
4167,"option 2",false,"Standards overview"
4168,"option 1",true,"Research publications"
4169,"option 4",true,"Research overview"
4170,"option 2",false,"Research publications"
4171,"option 1",true,"Lexicon"
4172,"option 4",true,"Research overview"
4173,"option 2",true,"Research publications"
4174,"option 2",true,"Research publications"
4175,"option 3",false,"Research publications"
4176,"option 1",true,"Standards specifications"
4177,"option 1",true,"Research publications"
4178,"option 2",true,"Research overview"
4179,"option 1",false,"Research publications"
4180,"option 5",true,"Research publications"
4181,"option 2",false,"Standards specifications"
4182,"option 3",true,"Lexicon"
4183,"option 3",false,"Research publications"
4184,"option 2",false,"Standards specifications"
4185,"option 1",false,"Research publications"
4186,"option 3",true,"Standards specifications"
4187,"option 2",true,"Research overview"
4188,"option 3",false,"Standards specifications"
4189,"option 2",true,"Research publications"
4190,"option 2",true,"Standards overview"
4191,"option 4",true,"Research overview"
4192,"option 4",false,"Research publications"
4193,"option 4",true,"Research publications"
4194,"option 4",true,"Standards specifications"
4195,"option 2",true,"Research publications"
4196,"option 1",false,"Lexicon"
4197,"option 1",true,"Lexicon"
4198,"option 2",true,"Research publications"
4199,"option 1",true,"Research publications"
4200,"option 3",false,"Standards specifications"
4201,"option 3",true,"Research publications"
4202,"option 3",true,"Research publications"
4203,"option 3",true,"Research overview"
4204,"option 5",true,"Research publications"
4205,"option 4",true,"Lexicon"
4206,"option 3",true,"Standards overview"
4207,"option 4",true,"Research overview"
4208,"option 4",true,"Research publications"
4209,"option 3",true,"Research publications"
4210,"option 3",true,"Research overview"
4211,"option 1",true,"Standards specifications"
4212,"option 1",true,"Standards specifications"
4213,"option 2",false,"Research publications"
4214,"option 4",true,"Research publications"
4215,"option 5",true,"Research publications"
4216,"option 1",true,"Research publications"
4217,"option 5",true,"Research publications"
4218,"option 3",true,"Research publications"
4219,"option 4",true,"Standards overview"
4220,"option 3",true,"Standards overview"
4221,"option 4",true,"Research publications"
4222,"option 4",true,"Standards overview"
4223,"option 3",true,"Standards specifications"
4224,"option 2",false,"Research publications"
4225,"option 2",true,"Research overview"
4226,"option 4",false,"Research overview"
4227,"option 5",true,"Standards overview"
4228,"option 2",true,"Research publications"
4229,"option 2",true,"Research publications"
4230,"option 2",true,"Standards overview"
4231,"option 1",true,"Research publications"
4232,"option 5",true,"Research publications"
4233,"option 1",true,"Research publications"
4234,"option 3",false,"Standards overview"
4235,"option 2",true,"Research publications"
4236,"option 2",true,"Research publications"
4237,"option 1",false,"Research publications"
4238,"option 4",true,"Research publications"
4239,"option 4",true,"Research publications"
4240,"option 1",true,"Standards specifications"
4241,"option 4",true,"Standards specifications"
4242,"option 4",false,"Standards specifications"
4243,"option 4",true,"Research publications"
4244,"option 1",true,"Research publications"
4245,"option 5",false,"Research overview"
4246,"option 2",true,"Research publications"
4247,"option 2",true,"Research publications"
4248,"option 4",true,"Standards specifications"
4249,"option 1",false,"Research publications"
4250,"option 1",false,"Standards specifications"
4251,"option 4",true,"Research publications"
4252,"option 4",true,"Research overview"
4253,"option 2",true,"Research publications"
4254,"option 5",false,"Standards specifications"
4255,"option 1",false,"Standards specifications"
4256,"option 1",false,"Research publications"
4257,"option 3",true,"Research publications"
4258,"option 2",true,"Research publications"
4259,"option 4",true,"Research publications"
4260,"option 2",false,"Research publications"
4261,"option 4",false,"Research overview"
4262,"option 3",true,"Research publications"
4263,"option 1",true,"Standards overview"
4264,"option 1",false,"Research overview"
4265,"option 3",false,"Research publications"
4266,"option 2",true,"Lexicon"
4267,"option 1",false,"Standards overview"
4268,"option 1",true,"Standards specifications"
4269,"option 3",true,"Research publications"
4270,"option 1",true,"Research publications"
4271,"option 2",true,"Research publications"
4272,"option 1",false,"Research overview"
4273,"option 2",false,"Standards specifications"
4274,"option 4",true,"Research publications"
4275,"option 3",true,"Standards overview"
4276,"option 3",false,"Research publications"
4277,"option 4",true,"Research overview"
4278,"option 1",true,"Research publications"
4279,"option 4",false,"Standards specifications"
4280,"option 3",true,"Lexicon"
4281,"option 2",true,"Standards specifications"
4282,"option 5",false,"Standards specifications"
4283,"option 2",false,"Research overview"
4284,"option 4",true,"Research overview"
4285,"option 2",false,"Standards specifications"
4286,"option 5",false,"Research publications"
4287,"option 1",false,"Research publications"
4288,"option 3",true,"Research publications"
4289,"option 1",false,"Research overview"
4290,"option 2",true,"Research publications"
4291,"option 2",true,"Research publications"
4292,"option 4",true,"Lexicon"
4293,"option 2",false,"Standards specifications"
4294,"option 1",true,"Research publications"
4295,"option 2",false,"Research overview"
4296,"option 3",true,"Research overview"
4297,"option 5",false,"Research overview"
4298,"option 4",true,"Standards specifications"
4299,"option 1",true,"Standards specifications"
4300,"option 3",true,"Standards specifications"
4301,"option 1",true,"Lexicon"
4302,"option 4",true,"Research publications"
4303,"option 1",true,"Standards specifications"
4304,"option 5",true,"Standards overview"
4305,"option 4",false,"Research publications"
4306,"option 1",false,"Research publications"
4307,"option 2",true,"Research publications"
4308,"option 1",false,"Standards specifications"
4309,"option 4",true,"Research overview"
4310,"option 1",true,"Lexicon"
4311,"option 1",true,"Research publications"
4312,"option 5",false,"Research publications"
4313,"option 4",true,"Research publications"
4314,"option 2",false,"Standards specifications"
4315,"option 5",true,"Research publications"
4316,"option 4",true,"Research overview"
4317,"option 2",false,"Standards overview"
4318,"option 5",true,"Research overview"
4319,"option 1",true,"Research publications"
4320,"option 1",true,"Research publications"
4321,"option 4",true,"Standards specifications"
4322,"option 3",true,"Standards specifications"
4323,"option 3",true,"Research publications"
4324,"option 1",false,"Research publications"
4325,"option 4",false,"Research overview"
4326,"option 3",true,"Lexicon"
4327,"option 3",true,"Research overview"
4328,"option 1",false,"Standards specifications"
4329,"option 4",true,"Standards specifications"
4330,"option 2",true,"Research overview"
4331,"option 1",false,"Research publications"
4332,"option 3",true,"Research publications"
4333,"option 1",true,"Standards specifications"
4334,"option 4",false,"Research publications"
4335,"option 1",false,"Research overview"
4336,"option 4",false,"Research publications"
4337,"option 4",true,"Standards specifications"
4338,"option 1",false,"Standards specifications"
4339,"option 3",false,"Research publications"
4340,"option 2",false,"Research publications"
4341,"option 5",true,"Standards specifications"
4342,"option 2",false,"Research publications"
4343,"option 1",false,"Research publications"
4344,"option 2",false,"Research publications"
4345,"option 5",false,"Research overview"
4346,"option 1",true,"Lexicon"
4347,"option 3",true,"Research publications"
4348,"option 3",true,"Standards specifications"
4349,"option 5",true,"Lexicon"
4350,"option 4",true,"Research overview"
4351,"option 5",true,"Standards specifications"
4352,"option 2",false,"Research publications"
4353,"option 1",true,"Research overview"
4354,"option 2",true,"Research publications"
4355,"option 4",true,"Standards overview"
4356,"option 1",true,"Research overview"
4357,"option 1",true,"Research publications"
4358,"option 3",false,"Research overview"
4359,"option 5",true,"Research overview"
4360,"option 5",false,"Standards overview"
4361,"option 2",false,"Standards specifications"
4362,"option 4",false,"Research publications"
4363,"option 2",false,"Research publications"
4364,"option 2",false,"Research publications"
4365,"option 4",true,"Standards overview"
4366,"option 3",false,"Research overview"
4367,"option 3",true,"Research overview"
4368,"option 1",true,"Research publications"
4369,"option 4",false,"Research publications"
4370,"option 1",true,"Research overview"
4371,"option 3",false,"Research publications"
4372,"option 5",false,"Standards specifications"
4373,"option 4",true,"Research overview"
4374,"option 4",true,"Research overview"
4375,"option 4",true,"Research publications"
4376,"option 5",true,"Research overview"
4377,"option 2",true,"Research overview"
4378,"option 4",true,"Standards specifications"
4379,"option 3",true,"Research publications"
4380,"option 1",true,"Standards specifications"
4381,"option 1",true,"Research overview"
4382,"option 3",false,"Research publications"
4383,"option 5",true,"Research publications"
4384,"option 3",true,"Research publications"
4385,"option 4",true,"Research publications"
4386,"option 2",false,"Standards specifications"
4387,"option 2",true,"Research publications"
4388,"option 3",true,"Lexicon"
4389,"option 1",true,"Research publications"
4390,"option 1",true,"Research publications"
4391,"option 2",true,"Research publications"
4392,"option 4",true,"Research overview"
4393,"option 2",true,"Standards overview"
4394,"option 1",true,"Research publications"
4395,"option 4",true,"Research publications"
4396,"option 4",true,"Research publications"
4397,"option 1",false,"Standards specifications"
4398,"option 4",true,"Research publications"
4399,"option 3",true,"Standards specifications"
4400,"option 2",true,"Research publications"
4401,"option 4",true,"Standards specifications"
4402,"option 3",true,"Research publications"
4403,"option 5",true,"Research publications"
4404,"option 2",false,"Research publications"
4405,"option 3",true,"Research publications"
4406,"option 3",false,"Lexicon"
4407,"option 3",true,"Research publications"
4408,"option 1",true,"Research publications"
4409,"option 3",true,"Standards specifications"
4410,"option 1",true,"Research publications"
4411,"option 3",true,"Research publications"
4412,"option 1",false,"Research overview"
4413,"option 5",true,"Research publications"
4414,"option 4",true,"Research overview"
4415,"option 1",true,"Standards specifications"
4416,"option 1",true,"Research publications"
4417,"option 4",true,"Research publications"
4418,"option 1",true,"Standards specifications"
4419,"option 1",true,"Standards specifications"
4420,"option 1",true,"Research publications"
4421,"option 3",true,"Lexicon"
4422,"option 2",true,"Research overview"
4423,"option 3",true,"Research publications"
4424,"option 3",false,"Research overview"
4425,"option 5",false,"Research publications"
4426,"option 4",true,"Research overview"
4427,"option 2",false,"Research overview"
4428,"option 1",true,"Research publications"
4429,"option 1",false,"Research publications"
4430,"option 4",true,"Research publications"
4431,"option 2",false,"Standards specifications"
4432,"option 1",false,"Standards specifications"
4433,"option 3",true,"Lexicon"
4434,"option 4",true,"Research publications"
4435,"option 1",false,"Research publications"
4436,"option 3",true,"Lexicon"
4437,"option 1",true,"Research overview"
4438,"option 5",true,"Research publications"
4439,"option 4",false,"Lexicon"
4440,"option 3",false,"Standards specifications"
4441,"option 1",false,"Research publications"
4442,"option 5",true,"Research overview"
4443,"option 2",true,"Research publications"
4444,"option 3",true,"Lexicon"
4445,"option 1",true,"Research publications"
4446,"option 3",false,"Standards overview"
4447,"option 4",true,"Research overview"
4448,"option 4",true,"Research publications"
4449,"option 5",false,"Research overview"
4450,"option 1",true,"Lexicon"
4451,"option 2",false,"Standards specifications"
4452,"option 4",false,"Research overview"
4453,"option 2",true,"Research overview"
4454,"option 3",true,"Research publications"
4455,"option 1",true,"Research publications"
4456,"option 2",true,"Lexicon"
4457,"option 4",true,"Research publications"
4458,"option 5",false,"Research overview"
4459,"option 2",true,"Research overview"
4460,"option 3",true,"Standards specifications"
4461,"option 5",false,"Research publications"
4462,"option 2",true,"Standards specifications"
4463,"option 2",true,"Research overview"
4464,"option 5",true,"Research publications"
4465,"option 3",true,"Research publications"
4466,"option 1",true,"Lexicon"
4467,"option 3",true,"Standards specifications"
4468,"option 4",false,"Standards specifications"
4469,"option 5",true,"Research overview"
4470,"option 4",true,"Research publications"
4471,"option 2",true,"Research publications"
4472,"option 3",true,"Research publications"
4473,"option 2",false,"Standards specifications"
4474,"option 1",true,"Research overview"
4475,"option 5",false,"Research overview"
4476,"option 1",false,"Research overview"
4477,"option 3",false,"Standards specifications"
4478,"option 2",true,"Research overview"
4479,"option 2",true,"Research publications"
4480,"option 5",false,"Standards specifications"
4481,"option 3",true,"Research overview"
4482,"option 1",true,"Research publications"
4483,"option 4",true,"Research overview"
4484,"option 5",false,"Standards overview"
4485,"option 5",true,"Research overview"
4486,"option 2",true,"Standards overview"
4487,"option 3",false,"Research publications"
4488,"option 1",true,"Research publications"
4489,"option 5",true,"Lexicon"
4490,"option 3",false,"Standards specifications"
4491,"option 1",true,"Research publications"
4492,"option 1",true,"Research publications"
4493,"option 5",true,"Standards overview"
4494,"option 4",true,"Research publications"
4495,"option 2",true,"Research publications"
4496,"option 3",true,"Research publications"
4497,"option 4",true,"Research publications"
4498,"option 1",false,"Lexicon"
4499,"option 4",true,"Standards specifications"
4500,"option 4",true,"Research overview"
4501,"option 1",true,"Research overview"
4502,"option 3",true,"Research publications"
4503,"option 4",true,"Standards specifications"
4504,"option 4",true,"Research publications"
4505,"option 4",true,"Research overview"
4506,"option 5",true,"Research publications"
4507,"option 1",true,"Lexicon"
4508,"option 4",true,"Research publications"
4509,"option 5",true,"Research publications"
4510,"option 1",true,"Research publications"
4511,"option 3",false,"Standards specifications"
4512,"option 3",false,"Standards specifications"
4513,"option 2",true,"Standards specifications"
4514,"option 1",false,"Research publications"
4515,"option 4",true,"Research publications"
4516,"option 3",true,"Research publications"
4517,"option 1",true,"Research overview"
4518,"option 3",true,"Standards overview"
4519,"option 2",false,"Standards specifications"
4520,"option 2",true,"Standards specifications"
4521,"option 3",true,"Research publications"
4522,"option 1",false,"Research publications"
4523,"option 4",true,"Standards overview"
4524,"option 1",false,"Standards specifications"
4525,"option 4",false,"Standards specifications"
4526,"option 1",false,"Standards specifications"
4527,"option 1",false,"Research overview"
4528,"option 1",false,"Standards specifications"
4529,"option 3",true,"Research overview"
4530,"option 1",true,"Standards specifications"
4531,"option 5",true,"Research publications"
4532,"option 4",true,"Research publications"
4533,"option 3",false,"Research overview"
4534,"option 1",true,"Research publications"
4535,"option 2",true,"Lexicon"
4536,"option 2",true,"Standards specifications"
4537,"option 3",false,"Research publications"
4538,"option 5",false,"Standards specifications"
4539,"option 3",false,"Standards specifications"
4540,"option 4",false,"Research publications"
4541,"option 3",false,"Research overview"
4542,"option 4",true,"Lexicon"
4543,"option 1",true,"Standards overview"
4544,"option 2",true,"Lexicon"
4545,"option 4",false,"Research publications"
4546,"option 2",true,"Standards overview"
4547,"option 1",true,"Standards overview"
4548,"option 2",false,"Standards specifications"
4549,"option 3",false,"Research publications"
4550,"option 5",true,"Research overview"
4551,"option 2",false,"Research overview"
4552,"option 1",false,"Research publications"
4553,"option 1",false,"Research publications"
4554,"option 3",true,"Research publications"
4555,"option 3",false,"Research overview"
4556,"option 2",false,"Research publications"
4557,"option 2",true,"Research publications"
4558,"option 2",false,"Standards overview"
4559,"option 2",false,"Research overview"
4560,"option 3",true,"Research publications"
4561,"option 2",false,"Standards specifications"
4562,"option 1",true,"Standards specifications"
4563,"option 4",true,"Standards specifications"
4564,"option 1",true,"Standards overview"
4565,"option 1",false,"Research publications"
4566,"option 4",true,"Research publications"
4567,"option 5",true,"Standards specifications"
4568,"option 2",true,"Standards specifications"
4569,"option 2",true,"Standards specifications"
4570,"option 2",true,"Research publications"
4571,"option 4",true,"Lexicon"
4572,"option 1",true,"Standards overview"
4573,"option 2",false,"Research publications"
4574,"option 1",true,"Research publications"
4575,"option 2",false,"Research overview"
4576,"option 1",false,"Standards specifications"
4577,"option 3",false,"Research overview"
4578,"option 4",false,"Research publications"
4579,"option 4",false,"Standards specifications"
4580,"option 1",true,"Research overview"
4581,"option 1",false,"Standards specifications"
4582,"option 3",false,"Research overview"
4583,"option 1",false,"Research overview"
4584,"option 2",false,"Research publications"
4585,"option 2",true,"Standards specifications"
4586,"option 3",false,"Research publications"
4587,"option 5",true,"Research publications"
4588,"option 2",true,"Standards specifications"
4589,"option 2",true,"Research publications"
4590,"option 4",false,"Standards specifications"
4591,"option 3",true,"Research overview"
4592,"option 5",true,"Research overview"
4593,"option 1",true,"Research publications"
4594,"option 4",true,"Lexicon"
4595,"option 1",true,"Standards specifications"
4596,"option 3",true,"Research publications"
4597,"option 2",false,"Research publications"
4598,"option 4",false,"Research publications"
4599,"option 1",false,"Research publications"
4600,"option 2",false,"Research publications"
4601,"option 4",false,"Research overview"
4602,"option 1",true,"Standards specifications"
4603,"option 2",true,"Research overview"
4604,"option 2",false,"Standards specifications"
4605,"option 3",true,"Research publications"
4606,"option 2",true,"Research overview"
4607,"option 3",true,"Research publications"
4608,"option 4",true,"Research overview"
4609,"option 5",true,"Research publications"
4610,"option 2",true,"Research publications"
4611,"option 2",true,"Research publications"
4612,"option 1",true,"Research overview"
4613,"option 3",true,"Standards specifications"
4614,"option 3",true,"Standards specifications"
4615,"option 4",true,"Lexicon"
4616,"option 1",false,"Standards overview"
4617,"option 3",true,"Lexicon"
4618,"option 1",false,"Standards specifications"
4619,"option 3",false,"Standards specifications"
4620,"option 4",true,"Standards specifications"
4621,"option 4",true,"Lexicon"
4622,"option 1",true,"Research publications"
4623,"option 5",true,"Research overview"
4624,"option 5",true,"Standards overview"
4625,"option 1",false,"Research publications"
4626,"option 5",true,"Research overview"
4627,"option 1",false,"Research publications"
4628,"option 2",true,"Research publications"
4629,"option 1",false,"Research publications"
4630,"option 1",true,"Research overview"
4631,"option 1",false,"Standards specifications"
4632,"option 2",false,"Standards specifications"
4633,"option 5",true,"Research publications"
4634,"option 3",true,"Lexicon"
4635,"option 4",false,"Research overview"
4636,"option 4",true,"Research overview"
4637,"option 4",true,"Research overview"
4638,"option 2",false,"Research publications"
4639,"option 5",false,"Lexicon"
4640,"option 5",true,"Standards specifications"
4641,"option 3",false,"Research overview"
4642,"option 1",true,"Standards overview"
4643,"option 3",true,"Standards specifications"
4644,"option 5",true,"Lexicon"
4645,"option 4",true,"Research publications"
4646,"option 2",false,"Standards specifications"
4647,"option 5",false,"Research overview"
4648,"option 1",false,"Research publications"
4649,"option 4",true,"Research publications"
4650,"option 5",true,"Standards specifications"
4651,"option 3",false,"Standards specifications"
4652,"option 2",false,"Standards specifications"
4653,"option 2",true,"Research publications"
4654,"option 3",true,"Research publications"
4655,"option 4",true,"Research publications"
4656,"option 1",false,"Research publications"
4657,"option 1",true,"Research publications"
4658,"option 1",true,"Research publications"
4659,"option 5",true,"Research publications"
4660,"option 4",true,"Research publications"
4661,"option 5",false,"Research overview"
4662,"option 1",false,"Research overview"
4663,"option 4",true,"Research publications"
4664,"option 1",true,"Research publications"
4665,"option 1",true,"Research publications"
4666,"option 2",true,"Standards specifications"
4667,"option 2",true,"Research publications"
4668,"option 3",true,"Lexicon"
4669,"option 4",true,"Standards specifications"
4670,"option 5",true,"Research overview"
4671,"option 3",true,"Research publications"
4672,"option 4",true,"Research publications"
4673,"option 4",true,"Research publications"
4674,"option 2",true,"Standards overview"
4675,"option 3",false,"Research publications"
4676,"option 3",true,"Lexicon"
4677,"option 3",false,"Standards specifications"
4678,"option 1",true,"Research publications"
4679,"option 4",true,"Research publications"
4680,"option 1",true,"Standards overview"
4681,"option 1",true,"Research publications"
4682,"option 1",false,"Standards overview"
4683,"option 1",true,"Standards overview"
4684,"option 5",false,"Research publications"
4685,"option 4",false,"Research publications"
4686,"option 1",true,"Research overview"
4687,"option 3",false,"Standards specifications"
4688,"option 1",false,"Standards specifications"
4689,"option 1",true,"Research publications"
4690,"option 3",false,"Research publications"
4691,"option 3",true,"Lexicon"
4692,"option 1",true,"Standards specifications"
4693,"option 4",false,"Research overview"
4694,"option 1",true,"Research publications"
4695,"option 5",true,"Lexicon"
4696,"option 1",true,"Lexicon"
4697,"option 4",true,"Research publications"
4698,"option 1",false,"Standards overview"
4699,"option 4",true,"Research overview"
4700,"option 4",true,"Research publications"
4701,"option 3",false,"Research publications"
4702,"option 3",false,"Research overview"
4703,"option 3",true,"Research publications"
4704,"option 1",true,"Standards specifications"
4705,"option 2",false,"Research overview"
4706,"option 4",true,"Standards overview"
4707,"option 5",false,"Research publications"
4708,"option 2",false,"Research publications"
4709,"option 1",false,"Standards specifications"
4710,"option 1",false,"Research publications"
4711,"option 3",true,"Research publications"
4712,"option 3",true,"Research overview"
4713,"option 5",true,"Standards specifications"
4714,"option 2",true,"Standards specifications"
4715,"option 3",true,"Research publications"
4716,"option 2",true,"Research overview"
4717,"option 2",true,"Research publications"
4718,"option 5",false,"Standards specifications"
4719,"option 5",true,"Research overview"
4720,"option 1",true,"Research publications"
4721,"option 2",true,"Research publications"
4722,"option 2",true,"Research publications"
4723,"option 3",true,"Research overview"
4724,"option 4",true,"Research overview"
4725,"option 5",true,"Standards specifications"
4726,"option 1",true,"Research publications"
4727,"option 3",true,"Research publications"
4728,"option 5",true,"Research publications"
4729,"option 1",true,"Research publications"
4730,"option 1",true,"Research publications"
4731,"option 3",false,"Research publications"
4732,"option 1",false,"Research overview"
4733,"option 1",true,"Research overview"
4734,"option 3",true,"Research overview"
4735,"option 2",false,"Research publications"
4736,"option 1",true,"Research publications"
4737,"option 4",true,"Standards specifications"
4738,"option 2",true,"Standards overview"
4739,"option 4",true,"Research overview"
4740,"option 1",true,"Standards specifications"
4741,"option 4",true,"Lexicon"
4742,"option 1",true,"Research publications"
4743,"option 3",true,"Research publications"
4744,"option 5",true,"Research publications"
4745,"option 3",false,"Research publications"
4746,"option 1",false,"Research publications"
4747,"option 2",true,"Research publications"
4748,"option 2",true,"Lexicon"
4749,"option 4",true,"Research publications"
4750,"option 1",false,"Research publications"
4751,"option 2",false,"Lexicon"
4752,"option 3",true,"Research publications"
4753,"option 4",true,"Research publications"
4754,"option 3",false,"Research overview"
4755,"option 4",false,"Standards specifications"
4756,"option 2",true,"Lexicon"
4757,"option 2",true,"Research publications"
4758,"option 4",false,"Research publications"
4759,"option 1",false,"Standards specifications"
4760,"option 4",true,"Research publications"
4761,"option 4",false,"Research overview"
4762,"option 1",false,"Standards specifications"
4763,"option 1",false,"Research publications"
4764,"option 5",true,"Research overview"
4765,"option 4",false,"Research publications"
4766,"option 2",false,"Research overview"
4767,"option 1",true,"Standards specifications"
4768,"option 3",true,"Research overview"
4769,"option 4",true,"Research overview"
4770,"option 1",true,"Standards specifications"
4771,"option 3",false,"Research overview"
4772,"option 1",false,"Standards overview"
4773,"option 1",true,"Research publications"
4774,"option 1",false,"Research publications"
4775,"option 1",false,"Research overview"
4776,"option 2",true,"Research overview"
4777,"option 2",true,"Research publications"
4778,"option 1",false,"Research publications"
4779,"option 2",false,"Research publications"
4780,"option 4",true,"Research publications"
4781,"option 2",true,"Research publications"
4782,"option 3",true,"Standards specifications"
4783,"option 4",false,"Research publications"
4784,"option 4",true,"Standards specifications"
4785,"option 1",true,"Standards specifications"
4786,"option 2",false,"Research publications"
4787,"option 4",true,"Standards overview"
4788,"option 1",true,"Research overview"
4789,"option 2",false,"Standards specifications"
4790,"option 1",true,"Research publications"
4791,"option 2",true,"Research publications"
4792,"option 4",true,"Research publications"
4793,"option 1",false,"Research publications"
4794,"option 4",true,"Lexicon"
4795,"option 3",false,"Research publications"
4796,"option 3",false,"Lexicon"
4797,"option 4",true,"Research publications"
4798,"option 3",true,"Research publications"
4799,"option 1",true,"Lexicon"
4800,"option 1",true,"Research publications"
4801,"option 1",true,"Research publications"
4802,"option 1",false,"Research publications"
4803,"option 4",false,"Standards specifications"
4804,"option 2",false,"Research overview"
4805,"option 1",true,"Research overview"
4806,"option 2",false,"Research publications"
4807,"option 1",true,"Research publications"
4808,"option 2",false,"Standards overview"
4809,"option 2",true,"Lexicon"
4810,"option 3",true,"Research publications"
4811,"option 1",true,"Research publications"
4812,"option 4",true,"Standards overview"
4813,"option 1",false,"Standards specifications"
4814,"option 4",true,"Research publications"
4815,"option 2",true,"Research publications"
4816,"option 1",false,"Research overview"
4817,"option 3",false,"Standards specifications"
4818,"option 1",false,"Research publications"
4819,"option 4",true,"Research publications"
4820,"option 4",true,"Research overview"
4821,"option 4",false,"Standards specifications"
4822,"option 1",true,"Lexicon"
4823,"option 1",true,"Standards overview"
4824,"option 4",true,"Research publications"
4825,"option 5",true,"Research publications"
4826,"option 3",true,"Research publications"
4827,"option 5",false,"Research publications"
4828,"option 1",true,"Research overview"
4829,"option 2",true,"Research publications"
4830,"option 2",true,"Research overview"
4831,"option 5",false,"Research overview"
4832,"option 4",true,"Research publications"
4833,"option 3",true,"Research publications"
4834,"option 1",true,"Standards overview"
4835,"option 1",false,"Research publications"
4836,"option 3",true,"Research overview"
4837,"option 5",true,"Standards specifications"
4838,"option 3",false,"Research publications"
4839,"option 1",true,"Research publications"
4840,"option 3",true,"Standards specifications"
4841,"option 4",true,"Research publications"
4842,"option 4",true,"Standards overview"
4843,"option 4",true,"Research publications"
4844,"option 1",true,"Research overview"
4845,"option 4",true,"Lexicon"
4846,"option 3",true,"Research publications"
4847,"option 2",true,"Research overview"
4848,"option 5",false,"Research publications"
4849,"option 3",true,"Lexicon"
4850,"option 3",true,"Standards specifications"
4851,"option 3",false,"Research publications"
4852,"option 5",false,"Research publications"
4853,"option 1",false,"Research publications"
4854,"option 4",false,"Research publications"
4855,"option 3",false,"Lexicon"
4856,"option 3",true,"Standards specifications"
4857,"option 5",false,"Standards overview"
4858,"option 4",true,"Research publications"
4859,"option 2",false,"Research publications"
4860,"option 1",false,"Standards specifications"
4861,"option 3",false,"Research overview"
4862,"option 3",false,"Research publications"
4863,"option 3",true,"Research publications"
4864,"option 5",true,"Standards specifications"
4865,"option 1",false,"Research publications"
4866,"option 4",true,"Research publications"
4867,"option 1",true,"Research publications"
4868,"option 5",true,"Standards specifications"
4869,"option 3",true,"Research publications"
4870,"option 5",true,"Standards overview"
4871,"option 5",true,"Standards specifications"
4872,"option 1",false,"Research publications"
4873,"option 2",false,"Standards specifications"
4874,"option 4",true,"Research overview"
4875,"option 4",false,"Research publications"
4876,"option 1",false,"Research publications"
4877,"option 4",true,"Research overview"
4878,"option 2",false,"Research overview"
4879,"option 1",false,"Research publications"
4880,"option 4",true,"Research publications"
4881,"option 4",false,"Standards overview"
4882,"option 3",false,"Research overview"
4883,"option 2",false,"Research publications"
4884,"option 2",true,"Research overview"
4885,"option 4",true,"Research publications"
4886,"option 1",false,"Research publications"
4887,"option 2",true,"Lexicon"
4888,"option 2",true,"Research publications"
4889,"option 1",false,"Research publications"
4890,"option 4",true,"Standards overview"
4891,"option 1",true,"Research publications"
4892,"option 3",true,"Research publications"
4893,"option 1",true,"Standards specifications"
4894,"option 3",true,"Standards specifications"
4895,"option 3",true,"Standards specifications"
4896,"option 2",false,"Research publications"
4897,"option 4",true,"Research publications"
4898,"option 1",true,"Research publications"
4899,"option 4",true,"Research overview"
4900,"option 5",true,"Research publications"
4901,"option 5",true,"Research overview"
4902,"option 1",false,"Research overview"
4903,"option 3",false,"Standards specifications"
4904,"option 5",true,"Research publications"
4905,"option 1",false,"Research publications"
4906,"option 4",true,"Standards specifications"
4907,"option 1",true,"Research publications"
4908,"option 2",true,"Standards specifications"
4909,"option 4",false,"Research publications"
4910,"option 2",true,"Research publications"
4911,"option 4",true,"Research overview"
4912,"option 1",false,"Standards overview"
4913,"option 2",false,"Research publications"
4914,"option 3",true,"Research overview"
4915,"option 5",true,"Research overview"
4916,"option 1",true,"Research publications"
4917,"option 2",true,"Research overview"
4918,"option 3",false,"Standards specifications"
4919,"option 3",true,"Research publications"
4920,"option 1",true,"Standards specifications"
4921,"option 1",true,"Standards specifications"
4922,"option 1",true,"Research publications"
4923,"option 3",true,"Research publications"
4924,"option 4",true,"Standards specifications"
4925,"option 1",true,"Research publications"
4926,"option 1",true,"Research publications"
4927,"option 3",true,"Research overview"
4928,"option 4",true,"Research publications"
4929,"option 1",true,"Research overview"
4930,"option 5",true,"Research publications"
4931,"option 3",false,"Standards specifications"
4932,"option 1",false,"Research publications"
4933,"option 3",false,"Standards specifications"
4934,"option 1",false,"Research overview"
4935,"option 5",true,"Research overview"
4936,"option 5",true,"Research overview"
4937,"option 2",true,"Lexicon"
4938,"option 1",false,"Research publications"
4939,"option 3",false,"Research overview"
4940,"option 1",false,"Research overview"
4941,"option 3",false,"Research overview"
4942,"option 1",false,"Research publications"
4943,"option 2",true,"Research publications"
4944,"option 5",true,"Research overview"
4945,"option 2",true,"Research publications"
4946,"option 2",false,"Standards specifications"
4947,"option 5",false,"Standards specifications"
4948,"option 3",true,"Research publications"
4949,"option 5",false,"Standards specifications"
4950,"option 4",true,"Research publications"
4951,"option 2",true,"Research publications"
4952,"option 1",false,"Standards overview"
4953,"option 4",false,"Research overview"
4954,"option 3",true,"Research overview"
4955,"option 5",true,"Standards specifications"
4956,"option 4",false,"Research publications"
4957,"option 1",true,"Standards specifications"
4958,"option 4",false,"Standards specifications"
4959,"option 1",true,"Standards specifications"
4960,"option 4",true,"Research publications"
4961,"option 4",true,"Research overview"
4962,"option 1",false,"Research overview"
4963,"option 3",false,"Standards specifications"
4964,"option 1",false,"Research publications"
4965,"option 1",true,"Research publications"
4966,"option 2",false,"Standards overview"
4967,"option 2",true,"Research publications"
4968,"option 3",true,"Research publications"
4969,"option 3",true,"Research publications"
4970,"option 5",true,"Standards specifications"
4971,"option 2",false,"Research publications"
4972,"option 1",true,"Standards specifications"
4973,"option 1",true,"Standards overview"
4974,"option 1",true,"Research publications"
4975,"option 5",true,"Research publications"
4976,"option 4",true,"Research publications"
4977,"option 2",false,"Standards specifications"
4978,"option 2",true,"Research overview"
4979,"option 4",true,"Research publications"
4980,"option 3",false,"Research publications"
4981,"option 4",false,"Standards specifications"
4982,"option 2",true,"Standards specifications"
4983,"option 1",false,"Research publications"
4984,"option 5",false,"Research publications"
4985,"option 1",true,"Research overview"
4986,"option 1",true,"Research publications"
4987,"option 2",true,"Research publications"
4988,"option 3",false,"Research publications"
4989,"option 2",false,"Research publications"
4990,"option 1",true,"Research overview"
4991,"option 1",true,"Standards specifications"
4992,"option 2",true,"Standards specifications"
4993,"option 1",false,"Research overview"
4994,"option 3",true,"Research publications"
4995,"option 1",true,"Standards overview"
4996,"option 1",true,"Research publications"
4997,"option 2",false,"Research publications"
4998,"option 4",true,"Standards specifications"
4999,"option 3",false,"Research publications"
5000,"option 2",true,"Research publications"
5001,"option 4",true,"Standards specifications"
5002,"option 5",true,"Research publications"
5003,"option 1",true,"Standards specifications"
5004,"option 4",true,"Research publications"
5005,"option 1",true,"Research publications"
5006,"option 2",false,"Research overview"
5007,"option 1",true,"Research publications"
5008,"option 2",false,"Standards specifications"
5009,"option 5",false,"Lexicon"
5010,"option 3",true,"Standards specifications"
5011,"option 4",true,"Standards overview"
5012,"option 2",true,"Research publications"
5013,"option 1",false,"Research overview"
5014,"option 5",false,"Research publications"
5015,"option 1",true,"Research publications"
5016,"option 1",true,"Research overview"
5017,"option 1",false,"Research publications"
5018,"option 1",false,"Research publications"
5019,"option 5",false,"Standards overview"
5020,"option 5",true,"Research publications"
5021,"option 3",true,"Research publications"
5022,"option 2",true,"Research publications"
5023,"option 4",false,"Research overview"
5024,"option 3",true,"Research overview"
5025,"option 2",false,"Research publications"
5026,"option 3",true,"Research publications"
5027,"option 1",true,"Research overview"
5028,"option 1",true,"Research overview"
5029,"option 5",true,"Standards specifications"
5030,"option 2",true,"Research publications"
5031,"option 5",true,"Research publications"
5032,"option 2",true,"Research publications"
5033,"option 1",true,"Research overview"
5034,"option 3",false,"Standards specifications"
5035,"option 2",false,"Research publications"
5036,"option 1",true,"Research overview"
5037,"option 4",false,"Research publications"
5038,"option 4",true,"Research publications"
5039,"option 3",true,"Standards specifications"
5040,"option 1",false,"Research overview"
5041,"option 1",false,"Research publications"
5042,"option 2",true,"Research publications"
5043,"option 4",true,"Research publications"
5044,"option 3",false,"Research overview"
5045,"option 2",false,"Research overview"
5046,"option 5",true,"Research publications"
5047,"option 3",true,"Research publications"
5048,"option 2",false,"Research publications"
5049,"option 2",true,"Research publications"
5050,"option 4",true,"Research overview"
5051,"option 1",true,"Research overview"
5052,"option 1",false,"Research publications"
5053,"option 4",true,"Research publications"
5054,"option 5",false,"Lexicon"
5055,"option 3",true,"Research publications"
5056,"option 2",true,"Standards specifications"
5057,"option 4",true,"Standards overview"
5058,"option 1",true,"Research overview"
5059,"option 2",false,"Standards overview"
5060,"option 3",false,"Standards overview"
5061,"option 2",true,"Research overview"
5062,"option 1",false,"Standards specifications"
5063,"option 4",false,"Lexicon"
5064,"option 2",true,"Research overview"
5065,"option 4",false,"Standards specifications"
5066,"option 4",true,"Standards overview"
5067,"option 5",false,"Standards specifications"
5068,"option 1",false,"Research publications"
5069,"option 3",true,"Research publications"
5070,"option 3",true,"Research publications"
5071,"option 3",false,"Research publications"
5072,"option 5",true,"Research publications"
5073,"option 2",true,"Standards overview"
5074,"option 1",false,"Research publications"
5075,"option 5",true,"Standards specifications"
5076,"option 1",true,"Standards specifications"
5077,"option 3",true,"Research publications"
5078,"option 2",false,"Research overview"
5079,"option 4",false,"Standards specifications"
5080,"option 3",true,"Research publications"
5081,"option 1",true,"Research overview"
5082,"option 1",true,"Research publications"
5083,"option 3",true,"Standards specifications"
5084,"option 5",true,"Standards specifications"
5085,"option 2",true,"Standards specifications"
5086,"option 2",true,"Research publications"
5087,"option 5",false,"Standards specifications"
5088,"option 2",true,"Research publications"
5089,"option 2",true,"Research publications"
5090,"option 3",true,"Lexicon"
5091,"option 1",false,"Standards specifications"
5092,"option 4",false,"Research publications"
5093,"option 1",true,"Research publications"
5094,"option 2",true,"Research publications"
5095,"option 5",true,"Research publications"
5096,"option 2",true,"Research overview"
5097,"option 1",true,"Research overview"
5098,"option 4",true,"Research overview"
5099,"option 1",true,"Standards overview"
5100,"option 3",true,"Research overview"
5101,"option 5",true,"Research publications"
5102,"option 3",true,"Research publications"
5103,"option 4",true,"Research publications"
5104,"option 1",false,"Research publications"
5105,"option 2",true,"Standards overview"
5106,"option 4",true,"Research overview"
5107,"option 4",true,"Research publications"
5108,"option 4",false,"Standards overview"
5109,"option 2",false,"Research publications"
5110,"option 3",true,"Research publications"
5111,"option 2",false,"Research publications"
5112,"option 1",true,"Standards specifications"
5113,"option 3",true,"Research publications"
5114,"option 3",true,"Standards overview"
5115,"option 4",false,"Standards specifications"
5116,"option 1",true,"Research publications"
5117,"option 1",false,"Standards specifications"
5118,"option 1",false,"Research overview"
5119,"option 1",true,"Standards specifications"
5120,"option 5",true,"Research publications"
5121,"option 3",true,"Lexicon"
5122,"option 1",false,"Research publications"
5123,"option 3",true,"Research overview"
5124,"option 2",true,"Research overview"
5125,"option 2",true,"Research overview"
5126,"option 4",false,"Research publications"
5127,"option 2",true,"Research overview"
5128,"option 4",true,"Standards specifications"
5129,"option 1",false,"Standards specifications"
5130,"option 2",true,"Research publications"
5131,"option 4",true,"Research overview"
5132,"option 1",true,"Standards specifications"
5133,"option 1",true,"Research publications"
5134,"option 3",false,"Standards specifications"
5135,"option 2",true,"Standards specifications"
5136,"option 3",false,"Research publications"
5137,"option 1",false,"Research publications"
5138,"option 5",true,"Research overview"
5139,"option 1",true,"Research publications"
5140,"option 3",true,"Research publications"
5141,"option 3",true,"Research publications"
5142,"option 1",true,"Research publications"
5143,"option 3",true,"Standards overview"
5144,"option 2",true,"Research publications"
5145,"option 1",false,"Standards specifications"
5146,"option 1",true,"Research publications"
5147,"option 3",true,"Research overview"
5148,"option 2",true,"Research publications"
5149,"option 4",true,"Research publications"
5150,"option 1",true,"Standards specifications"
5151,"option 3",true,"Standards specifications"
5152,"option 2",false,"Research publications"
5153,"option 4",true,"Research publications"
5154,"option 2",true,"Standards overview"
5155,"option 3",true,"Standards specifications"
5156,"option 1",true,"Standards overview"
5157,"option 2",true,"Research overview"
5158,"option 5",true,"Research publications"
5159,"option 2",false,"Standards overview"
5160,"option 4",true,"Research overview"
5161,"option 1",false,"Research publications"
5162,"option 1",true,"Standards specifications"
5163,"option 3",false,"Research publications"
5164,"option 2",true,"Research publications"
5165,"option 1",true,"Standards specifications"
5166,"option 4",true,"Research publications"
5167,"option 2",false,"Standards overview"
5168,"option 4",true,"Research overview"
5169,"option 2",true,"Research publications"
5170,"option 4",true,"Research overview"
5171,"option 2",true,"Research publications"
5172,"option 2",true,"Research publications"
5173,"option 2",true,"Research publications"
5174,"option 2",true,"Standards specifications"
5175,"option 5",true,"Research publications"
5176,"option 4",false,"Research publications"
5177,"option 3",true,"Lexicon"
5178,"option 1",true,"Research overview"
5179,"option 3",true,"Standards specifications"
5180,"option 4",true,"Lexicon"
5181,"option 2",true,"Standards overview"
5182,"option 4",true,"Research publications"
5183,"option 1",false,"Standards specifications"
5184,"option 5",true,"Research overview"
5185,"option 4",true,"Lexicon"
5186,"option 5",true,"Research overview"
5187,"option 1",true,"Research overview"
5188,"option 5",true,"Research overview"
5189,"option 2",false,"Research overview"
5190,"option 1",true,"Research overview"
5191,"option 5",true,"Research publications"
5192,"option 2",true,"Research publications"
5193,"option 3",true,"Research overview"
5194,"option 1",true,"Research publications"
5195,"option 5",true,"Standards overview"
5196,"option 4",true,"Lexicon"
5197,"option 1",false,"Standards specifications"
5198,"option 1",false,"Standards overview"
5199,"option 3",false,"Lexicon"
5200,"option 4",false,"Research publications"
5201,"option 2",true,"Research overview"
5202,"option 5",true,"Research overview"
5203,"option 2",true,"Research overview"
5204,"option 3",true,"Standards specifications"
5205,"option 4",true,"Research publications"
5206,"option 3",true,"Research publications"
5207,"option 4",true,"Research overview"
5208,"option 1",false,"Research publications"
5209,"option 1",false,"Research publications"
5210,"option 3",true,"Standards specifications"
5211,"option 5",true,"Standards overview"
5212,"option 2",true,"Research publications"
5213,"option 5",true,"Research overview"
5214,"option 3",true,"Standards specifications"
5215,"option 2",true,"Research publications"
5216,"option 3",true,"Research overview"
5217,"option 3",true,"Research overview"
5218,"option 1",false,"Research publications"
5219,"option 1",false,"Standards specifications"
5220,"option 1",true,"Research publications"
5221,"option 4",false,"Standards overview"
5222,"option 3",true,"Research publications"
5223,"option 3",true,"Standards overview"
5224,"option 2",true,"Research publications"
5225,"option 1",false,"Research publications"
5226,"option 1",true,"Research publications"
5227,"option 4",true,"Research publications"
5228,"option 3",true,"Standards specifications"
5229,"option 3",true,"Research overview"
5230,"option 1",true,"Research publications"
5231,"option 1",false,"Standards specifications"
5232,"option 2",false,"Standards specifications"
5233,"option 4",false,"Research publications"
5234,"option 1",true,"Research overview"
5235,"option 4",true,"Research publications"
5236,"option 4",true,"Research publications"
5237,"option 1",true,"Research overview"
5238,"option 4",true,"Lexicon"
5239,"option 3",true,"Research overview"
5240,"option 4",true,"Research publications"
5241,"option 3",false,"Research publications"
5242,"option 4",true,"Lexicon"
5243,"option 3",true,"Research publications"
5244,"option 3",true,"Standards specifications"
5245,"option 3",false,"Standards specifications"
5246,"option 1",true,"Standards specifications"
5247,"option 5",false,"Standards specifications"
5248,"option 3",true,"Standards overview"
5249,"option 2",false,"Research publications"
5250,"option 3",true,"Research publications"
5251,"option 4",true,"Research publications"
5252,"option 2",false,"Standards overview"
5253,"option 4",false,"Research overview"
5254,"option 2",true,"Research publications"
5255,"option 2",false,"Standards specifications"
5256,"option 2",false,"Research overview"
5257,"option 4",true,"Research publications"
5258,"option 4",false,"Research overview"
5259,"option 4",true,"Standards specifications"
5260,"option 2",false,"Research publications"
5261,"option 4",false,"Research publications"
5262,"option 3",false,"Standards specifications"
5263,"option 3",true,"Standards specifications"
5264,"option 3",true,"Standards specifications"
5265,"option 2",true,"Research overview"
5266,"option 1",false,"Research publications"
5267,"option 2",true,"Lexicon"
5268,"option 5",false,"Standards overview"
5269,"option 4",true,"Standards specifications"
5270,"option 1",true,"Research publications"
5271,"option 2",true,"Research publications"
5272,"option 2",true,"Standards overview"
5273,"option 1",false,"Research publications"
5274,"option 4",false,"Research publications"
5275,"option 2",false,"Standards specifications"
5276,"option 4",false,"Research publications"
5277,"option 4",true,"Research publications"
5278,"option 2",true,"Research overview"
5279,"option 2",true,"Research publications"
5280,"option 2",true,"Lexicon"
5281,"option 5",false,"Research publications"
5282,"option 1",false,"Standards specifications"
5283,"option 1",true,"Research publications"
5284,"option 4",true,"Research overview"
5285,"option 1",true,"Standards overview"
5286,"option 5",true,"Research publications"
5287,"option 1",false,"Research publications"
5288,"option 5",true,"Lexicon"
5289,"option 3",true,"Research publications"
5290,"option 4",false,"Lexicon"
5291,"option 5",true,"Research publications"
5292,"option 3",false,"Research publications"
5293,"option 3",true,"Research publications"
5294,"option 3",true,"Research publications"
5295,"option 4",true,"Research publications"
5296,"option 1",true,"Research publications"
5297,"option 3",true,"Research overview"
5298,"option 1",true,"Research publications"
5299,"option 2",true,"Research overview"
5300,"option 2",false,"Research publications"
5301,"option 4",true,"Research publications"
5302,"option 3",true,"Standards overview"
5303,"option 5",true,"Standards overview"
5304,"option 4",true,"Research overview"
5305,"option 2",true,"Research publications"
5306,"option 3",true,"Research publications"
5307,"option 1",true,"Lexicon"
5308,"option 2",true,"Research overview"
5309,"option 4",false,"Research overview"
5310,"option 1",false,"Research overview"
5311,"option 5",true,"Research overview"
5312,"option 5",true,"Research publications"
5313,"option 4",true,"Research publications"
5314,"option 1",true,"Research publications"
5315,"option 3",false,"Research publications"
5316,"option 1",true,"Standards overview"
5317,"option 4",true,"Standards specifications"
5318,"option 1",false,"Standards overview"
5319,"option 4",true,"Research publications"
5320,"option 1",false,"Standards overview"
5321,"option 4",true,"Research publications"
5322,"option 4",true,"Research publications"
5323,"option 3",true,"Research overview"
5324,"option 4",true,"Lexicon"
5325,"option 2",true,"Standards specifications"
5326,"option 3",true,"Standards overview"
5327,"option 5",true,"Standards overview"
5328,"option 1",true,"Research publications"
5329,"option 3",true,"Standards specifications"
5330,"option 2",true,"Research publications"
5331,"option 1",true,"Research publications"
5332,"option 3",true,"Lexicon"
5333,"option 3",true,"Research publications"
5334,"option 3",true,"Research overview"
5335,"option 2",true,"Research publications"
5336,"option 1",false,"Research overview"
5337,"option 3",true,"Lexicon"
5338,"option 3",true,"Research publications"
5339,"option 2",false,"Research overview"
5340,"option 2",false,"Lexicon"
5341,"option 1",true,"Standards specifications"
5342,"option 1",false,"Research publications"
5343,"option 4",false,"Research publications"
5344,"option 5",true,"Research publications"
5345,"option 3",false,"Standards overview"
5346,"option 3",false,"Research publications"
5347,"option 3",true,"Research overview"
5348,"option 2",false,"Standards specifications"
5349,"option 5",false,"Research publications"
5350,"option 2",false,"Research overview"
5351,"option 1",false,"Research overview"
5352,"option 4",true,"Research overview"
5353,"option 3",false,"Research overview"
5354,"option 3",false,"Standards overview"
5355,"option 1",true,"Research publications"
5356,"option 1",true,"Research overview"
5357,"option 3",true,"Research overview"
5358,"option 1",false,"Research overview"
5359,"option 2",true,"Standards overview"
5360,"option 3",true,"Research publications"
5361,"option 2",true,"Standards overview"
5362,"option 2",false,"Research publications"
5363,"option 4",true,"Standards overview"
5364,"option 2",true,"Research publications"
5365,"option 3",false,"Research publications"
5366,"option 2",true,"Research publications"
5367,"option 4",false,"Research overview"
5368,"option 2",true,"Research publications"
5369,"option 3",true,"Standards specifications"
5370,"option 3",false,"Standards specifications"
5371,"option 4",false,"Research overview"
5372,"option 4",true,"Lexicon"
5373,"option 2",false,"Research overview"
5374,"option 3",true,"Research overview"
5375,"option 1",true,"Research publications"
5376,"option 2",true,"Research publications"
5377,"option 3",true,"Standards overview"
5378,"option 1",false,"Research publications"
5379,"option 3",true,"Standards specifications"
5380,"option 3",true,"Standards specifications"
5381,"option 3",true,"Research publications"
5382,"option 3",false,"Standards specifications"
5383,"option 4",true,"Research publications"
5384,"option 3",true,"Lexicon"
5385,"option 5",true,"Standards overview"
5386,"option 5",true,"Research publications"
5387,"option 3",false,"Standards specifications"
5388,"option 1",true,"Research publications"
5389,"option 1",false,"Standards overview"
5390,"option 4",true,"Research publications"
5391,"option 1",true,"Research publications"
5392,"option 2",false,"Standards specifications"
5393,"option 2",true,"Research publications"
5394,"option 3",true,"Research publications"
5395,"option 5",true,"Research overview"
5396,"option 4",true,"Research publications"
5397,"option 4",false,"Research publications"
5398,"option 2",true,"Research publications"
5399,"option 1",false,"Standards specifications"
5400,"option 2",true,"Lexicon"
5401,"option 1",true,"Research publications"
5402,"option 2",false,"Research overview"
5403,"option 3",true,"Research overview"
5404,"option 3",true,"Research publications"
5405,"option 1",true,"Research overview"
5406,"option 3",false,"Research publications"
5407,"option 4",true,"Research overview"
5408,"option 4",true,"Research overview"
5409,"option 5",true,"Standards specifications"
5410,"option 5",true,"Research overview"
5411,"option 1",true,"Research publications"
5412,"option 3",true,"Research publications"
5413,"option 1",false,"Standards overview"
5414,"option 1",true,"Standards overview"
5415,"option 4",true,"Research publications"
5416,"option 1",true,"Standards specifications"
5417,"option 5",true,"Research publications"
5418,"option 3",true,"Research overview"
5419,"option 2",true,"Research publications"
5420,"option 3",false,"Standards specifications"
5421,"option 2",true,"Research publications"
5422,"option 1",true,"Research overview"
5423,"option 1",true,"Research publications"
5424,"option 4",true,"Research publications"
5425,"option 2",true,"Research publications"
5426,"option 4",true,"Standards specifications"
5427,"option 2",true,"Standards overview"
5428,"option 3",true,"Research publications"
5429,"option 5",true,"Research overview"
5430,"option 4",true,"Research publications"
5431,"option 1",false,"Research publications"
5432,"option 1",false,"Research overview"
5433,"option 2",true,"Research overview"
5434,"option 5",true,"Research publications"
5435,"option 4",false,"Standards specifications"
5436,"option 1",true,"Standards overview"
5437,"option 1",true,"Standards overview"
5438,"option 4",true,"Lexicon"
5439,"option 4",true,"Research publications"
5440,"option 3",true,"Research overview"
5441,"option 1",false,"Standards specifications"
5442,"option 5",true,"Research publications"
5443,"option 2",true,"Research publications"
5444,"option 2",true,"Research overview"
5445,"option 1",true,"Standards specifications"
5446,"option 4",true,"Research publications"
5447,"option 3",false,"Research overview"
5448,"option 3",true,"Research publications"
5449,"option 2",true,"Research publications"
5450,"option 3",false,"Research publications"
5451,"option 3",false,"Standards specifications"
5452,"option 3",true,"Standards specifications"
5453,"option 3",true,"Research overview"
5454,"option 1",true,"Standards specifications"
5455,"option 1",false,"Research publications"
5456,"option 3",true,"Research overview"
5457,"option 4",false,"Research publications"
5458,"option 3",true,"Standards specifications"
5459,"option 4",false,"Standards specifications"
5460,"option 3",true,"Research publications"
5461,"option 2",false,"Research overview"
5462,"option 2",true,"Standards specifications"
5463,"option 3",false,"Standards specifications"
5464,"option 5",true,"Research publications"
5465,"option 4",true,"Research overview"
5466,"option 1",true,"Research publications"
5467,"option 3",true,"Standards specifications"
5468,"option 4",true,"Research publications"
5469,"option 5",true,"Research overview"
5470,"option 1",false,"Lexicon"
5471,"option 3",false,"Research publications"
5472,"option 4",false,"Research overview"
5473,"option 4",false,"Research publications"
5474,"option 2",true,"Research publications"
5475,"option 2",true,"Research publications"
5476,"option 2",true,"Standards specifications"
5477,"option 4",true,"Standards specifications"
5478,"option 4",true,"Research publications"
5479,"option 3",false,"Research publications"
5480,"option 5",true,"Lexicon"
5481,"option 3",true,"Research overview"
5482,"option 1",false,"Research publications"
5483,"option 2",true,"Research overview"
5484,"option 3",true,"Research publications"
5485,"option 1",false,"Standards specifications"
5486,"option 5",true,"Standards specifications"
5487,"option 5",true,"Standards overview"
5488,"option 4",false,"Research overview"
5489,"option 1",true,"Standards specifications"
5490,"option 1",false,"Standards overview"
5491,"option 2",false,"Standards specifications"
5492,"option 1",true,"Research publications"
5493,"option 3",true,"Standards overview"
5494,"option 1",true,"Research publications"
5495,"option 5",true,"Research publications"
5496,"option 3",false,"Standards specifications"
5497,"option 4",false,"Standards specifications"
5498,"option 2",false,"Research publications"
5499,"option 3",false,"Standards overview"
5500,"option 1",true,"Lexicon"
5501,"option 2",true,"Research publications"
5502,"option 1",true,"Standards specifications"
5503,"option 3",true,"Research publications"
5504,"option 1",true,"Research publications"
5505,"option 4",true,"Research overview"
5506,"option 4",false,"Research overview"
5507,"option 2",true,"Research overview"
5508,"option 3",false,"Research overview"
5509,"option 5",false,"Research publications"
5510,"option 5",true,"Research overview"
5511,"option 1",true,"Standards overview"
5512,"option 1",false,"Research publications"
5513,"option 2",false,"Research publications"
5514,"option 2",true,"Lexicon"
5515,"option 5",true,"Standards specifications"
5516,"option 4",true,"Research overview"
5517,"option 5",false,"Research publications"
5518,"option 1",false,"Standards specifications"
5519,"option 4",true,"Research publications"
5520,"option 2",false,"Research publications"
5521,"option 4",true,"Standards overview"
5522,"option 4",false,"Research publications"
5523,"option 1",false,"Research publications"
5524,"option 2",true,"Research publications"
5525,"option 2",false,"Standards specifications"
5526,"option 3",true,"Research publications"
5527,"option 2",true,"Research publications"
5528,"option 2",false,"Research publications"
5529,"option 2",true,"Research publications"
5530,"option 4",true,"Lexicon"
5531,"option 5",true,"Standards specifications"
5532,"option 3",true,"Standards overview"
5533,"option 5",true,"Research publications"
5534,"option 1",true,"Research overview"
5535,"option 3",false,"Research publications"
5536,"option 1",true,"Research publications"
5537,"option 5",true,"Research publications"
5538,"option 2",true,"Research publications"
5539,"option 4",true,"Standards overview"
5540,"option 2",false,"Standards overview"
5541,"option 1",false,"Standards overview"
5542,"option 3",true,"Standards specifications"
5543,"option 2",true,"Research publications"
5544,"option 1",false,"Research publications"
5545,"option 3",false,"Standards overview"
5546,"option 3",true,"Research publications"
5547,"option 3",false,"Standards specifications"
5548,"option 2",true,"Standards overview"
5549,"option 3",true,"Research publications"
5550,"option 2",true,"Research publications"
5551,"option 2",false,"Standards overview"
5552,"option 4",true,"Research overview"
5553,"option 3",true,"Research overview"
5554,"option 1",false,"Research overview"
5555,"option 1",false,"Lexicon"
5556,"option 2",true,"Research publications"
5557,"option 2",true,"Standards specifications"
5558,"option 2",true,"Research publications"
5559,"option 2",true,"Research publications"
5560,"option 1",false,"Research publications"
5561,"option 3",false,"Standards overview"
5562,"option 2",true,"Standards overview"
5563,"option 2",true,"Standards specifications"
5564,"option 4",true,"Research overview"
5565,"option 4",true,"Research overview"
5566,"option 2",false,"Research publications"
5567,"option 1",false,"Research publications"
5568,"option 2",false,"Research publications"
5569,"option 2",false,"Research publications"
5570,"option 3",true,"Research publications"
5571,"option 5",true,"Standards specifications"
5572,"option 1",true,"Research overview"
5573,"option 2",false,"Research publications"
5574,"option 2",false,"Research overview"
5575,"option 2",true,"Research publications"
5576,"option 4",true,"Research publications"
5577,"option 4",true,"Research overview"
5578,"option 3",true,"Research publications"
5579,"option 2",false,"Research overview"
5580,"option 2",true,"Lexicon"
5581,"option 3",false,"Standards specifications"
5582,"option 1",false,"Standards specifications"
5583,"option 1",true,"Research publications"
5584,"option 1",true,"Standards overview"
5585,"option 4",true,"Lexicon"
5586,"option 3",true,"Lexicon"
5587,"option 1",true,"Research publications"
5588,"option 1",true,"Research publications"
5589,"option 3",true,"Standards specifications"
5590,"option 3",true,"Research publications"
5591,"option 5",false,"Standards overview"
5592,"option 1",true,"Standards specifications"
5593,"option 2",true,"Standards overview"
5594,"option 4",true,"Research publications"
5595,"option 3",true,"Research publications"
5596,"option 1",false,"Research publications"
5597,"option 4",true,"Research publications"
5598,"option 2",true,"Research publications"
5599,"option 2",true,"Research publications"
5600,"option 3",false,"Standards specifications"
5601,"option 3",true,"Standards specifications"
5602,"option 1",false,"Research publications"
5603,"option 5",false,"Lexicon"
5604,"option 1",false,"Research publications"
5605,"option 2",false,"Standards overview"
5606,"option 2",true,"Standards specifications"
5607,"option 1",true,"Standards specifications"
5608,"option 1",false,"Standards specifications"
5609,"option 1",true,"Research overview"
5610,"option 3",true,"Research overview"
5611,"option 1",true,"Standards specifications"
5612,"option 3",true,"Research publications"
5613,"option 1",true,"Standards specifications"
5614,"option 4",true,"Standards specifications"
5615,"option 5",true,"Research overview"
5616,"option 1",true,"Research overview"
5617,"option 2",false,"Research publications"
5618,"option 1",true,"Research overview"
5619,"option 1",true,"Standards specifications"
5620,"option 5",false,"Standards specifications"
5621,"option 5",true,"Lexicon"
5622,"option 3",true,"Research overview"
5623,"option 1",false,"Research publications"
5624,"option 2",false,"Standards specifications"
5625,"option 5",true,"Standards overview"
5626,"option 1",true,"Research publications"
5627,"option 2",true,"Research publications"
5628,"option 4",true,"Research publications"
5629,"option 2",false,"Research publications"
5630,"option 1",true,"Standards specifications"
5631,"option 4",false,"Research overview"
5632,"option 1",true,"Standards specifications"
5633,"option 4",true,"Lexicon"
5634,"option 4",true,"Standards specifications"
5635,"option 4",false,"Research overview"
5636,"option 1",false,"Research publications"
5637,"option 2",true,"Research publications"
5638,"option 4",false,"Standards specifications"
5639,"option 3",false,"Research publications"
5640,"option 2",false,"Research publications"
5641,"option 3",true,"Standards specifications"
5642,"option 3",false,"Research overview"
5643,"option 5",true,"Research overview"
5644,"option 5",false,"Standards specifications"
5645,"option 2",false,"Research publications"
5646,"option 3",true,"Lexicon"
5647,"option 4",true,"Research overview"
5648,"option 4",true,"Research publications"
5649,"option 4",true,"Lexicon"
5650,"option 1",true,"Standards specifications"
5651,"option 4",true,"Research publications"
5652,"option 3",true,"Standards overview"
5653,"option 3",false,"Research publications"
5654,"option 4",true,"Research publications"
5655,"option 1",false,"Standards specifications"
5656,"option 4",true,"Standards specifications"
5657,"option 1",true,"Standards specifications"
5658,"option 5",true,"Research publications"
5659,"option 2",false,"Research publications"
5660,"option 1",false,"Research publications"
5661,"option 3",false,"Research publications"
5662,"option 2",true,"Research overview"
5663,"option 4",true,"Standards specifications"
5664,"option 2",false,"Standards specifications"
5665,"option 3",true,"Standards specifications"
5666,"option 2",false,"Research overview"
5667,"option 4",true,"Standards overview"
5668,"option 1",true,"Standards overview"
5669," option 5",false,"Standards specifications"
5670,"option 2",true,"Research publications"
5671,"option 4",false,"Standards overview"
5672,"option 2",false,"Research publications"
5673,"option 4",false,"Research publications"
5674,"option 1",true,"Research publications"
5675,"option 3",false,"Standards specifications"
5676,"option 4",true,"Research overview"
5677,"option 1",true,"Research publications"
5678,"option 5",true,"Research publications"
5679,"option 5",true,"Standards overview"
5680,"option 4",true,"Standards overview"
5681,"option 4",false,"Standards specifications"
5682,"option 1",false,"Research publications"
5683,"option 1",true,"Research publications"
5684,"option 2",false,"Standards specifications"
5685,"option 4",true,"Research overview"
5686,"option 1",true,"Standards specifications"
5687,"option 1",true,"Research publications"
5688,"option 5",true,"Research overview"
5689,"option 2",true,"Research publications"
5690,"option 4",true,"Research publications"
5691,"option 4",true,"Research overview"
5692,"option 5",false,"Research overview"
5693,"option 5",true,"Research overview"
5694,"option 1",true,"Standards specifications"
5695,"option 4",true,"Research publications"
5696,"option 4",false,"Research overview"
5697,"option 2",false,"Standards specifications"
5698,"option 1",true,"Standards specifications"
5699,"option 5",false,"Research overview"
5700,"option 3",false,"Research publications"
5701,"option 1",false,"Research overview"
5702,"option 5",true,"Research publications"
5703,"option 4",true,"Research publications"
5704,"option 2",true,"Research publications"
5705,"option 1",true,"Research publications"
5706,"option 2",true,"Standards specifications"
5707,"option 4",true,"Research overview"
5708,"option 2",true,"Research publications"
5709,"option 2",true,"Lexicon"
5710,"option 3",false,"Standards specifications"
5711,"option 1",true,"Research publications"
5712,"option 5",true,"Standards overview"
5713,"option 3",true,"Research overview"
5714,"option 3",false,"Research publications"
5715,"option 3",true,"Research overview"
5716,"option 2",true,"Research publications"
5717,"option 1",true,"Research publications"
5718,"option 1",true,"Research publications"
5719,"option 3",true,"Standards overview"
5720,"option 2",true,"Research publications"
5721,"option 3",true,"Research overview"
5722,"option 5",true,"Lexicon"
5723,"option 2",true,"Research publications"
5724,"option 1",true,"Research publications"
5725,"option 1",false,"Standards specifications"
5726,"option 4",false,"Research overview"
5727,"option 3",true,"Standards specifications"
5728,"option 3",true,"Research publications"
5729,"option 1",false,"Standards specifications"
5730,"option 3",true,"Research publications"
5731,"option 3",true,"Research publications"
5732,"option 1",true,"Research overview"
5733,"option 1",true,"Research publications"
5734,"option 2",true,"Lexicon"
5735,"option 3",false,"Research overview"
5736,"option 1",true,"Standards overview"
5737,"option 1",true,"Research overview"
5738,"option 2",true,"Research publications"
5739,"option 3",false,"Standards specifications"
5740,"option 3",true,"Research publications"
5741,"option 1",true,"Standards specifications"
5742,"option 3",false,"Research publications"
5743,"option 4",true,"Standards specifications"
5744,"option 1",true,"Research publications"
5745,"option 3",true,"Standards overview"
5746,"option 3",true,"Research publications"
5747,"option 1",false,"Research publications"
5748,"option 3",true,"Research publications"
5749,"option 2",true,"Research publications"
5750,"option 4",true,"Standards specifications"
5751,"option 1",true,"Standards overview"
5752,"option 3",true,"Standards specifications"
5753,"option 3",false,"Standards specifications"
5754,"option 3",true,"Research publications"
5755,"option 2",true,"Research publications"
5756,"option 3",true,"Lexicon"
5757,"option 4",true,"Research overview"
5758,"option 1",true,"Research overview"
5759,"option 3",true,"Research publications"
5760,"option 1",true,"Standards specifications"
5761,"option 3",true,"Research overview"
5762,"option 1",false,"Standards overview"
5763,"option 2",false,"Research publications"
5764,"option 5",true,"Research publications"
5765,"option 3",true,"Research publications"
5766,"option 4",false,"Research publications"
5767,"option 1",true,"Research overview"
5768,"option 2",true,"Research publications"
5769,"option 4",true,"Research publications"
5770,"option 2",true,"Research publications"
5771,"option 4",true,"Research publications"
5772,"option 3",true,"Standards overview"
5773,"option 1",false,"Research overview"
5774,"option 2",true,"Research publications"
5775,"option 1",true,"Research publications"
5776,"option 3",true,"Research overview"
5777,"option 5",false,"Lexicon"
5778,"option 1",false,"Research publications"
5779,"option 2",false,"Research publications"
5780,"option 4",true,"Research publications"
5781,"option 2",true,"Lexicon"
5782,"option 2",false,"Standards specifications"
5783,"option 4",true,"Research publications"
5784,"option 2",true,"Research publications"
5785,"option 4",true,"Research publications"
5786,"option 2",false,"Research overview"
5787,"option 2",true,"Standards overview"
5788,"option 5",false,"Standards specifications"
5789,"option 2",true,"Research publications"
5790,"option 1",false,"Research overview"
5791,"option 2",false,"Standards specifications"
5792,"option 1",false,"Research publications"
5793,"option 3",true,"Research publications"
5794,"option 2",true,"Standards specifications"
5795,"option 2",true,"Standards overview"
5796,"option 1",false,"Standards specifications"
5797,"option 1",false,"Standards specifications"
5798,"option 3",false,"Research publications"
5799,"option 2",false,"Research overview"
5800,"option 4",true,"Research overview"
5801,"option 4",false,"Research publications"
5802,"option 3",false,"Standards specifications"
5803,"option 5",true,"Research publications"
5804,"option 1",false,"Standards specifications"
5805,"option 5",true,"Research publications"
5806,"option 4",false,"Research publications"
5807,"option 5",true,"Research publications"
5808,"option 1",false,"Research overview"
5809,"option 5",true,"Research publications"
5810,"option 1",true,"Standards specifications"
5811,"option 4",false,"Standards specifications"
5812,"option 5",true,"Research publications"
5813,"option 2",true,"Research overview"
5814,"option 5",false,"Research publications"
5815,"option 4",false,"Research publications"
5816,"option 3",false,"Research publications"
5817,"option 2",false,"Standards overview"
5818,"option 4",true,"Research publications"
5819,"option 4",true,"Standards overview"
5820,"option 2",true,"Research publications"
5821,"option 4",false,"Standards specifications"
5822,"option 1",false,"Research publications"
5823,"option 4",true,"Research publications"
5824,"option 1",true,"Lexicon"
5825,"option 5",true,"Standards specifications"
5826,"option 3",true,"Standards specifications"
5827,"option 1",false,"Standards specifications"
5828,"option 2",false,"Research publications"
5829,"option 1",true,"Research overview"
5830,"option 1",false,"Research publications"
5831,"option 5",true,"Standards overview"
5832,"option 1",true,"Standards specifications"
5833,"option 4",false,"Standards overview"
5834,"option 5",false,"Standards specifications"
5835,"option 4",false,"Standards specifications"
5836,"option 1",true,"Research publications"
5837,"option 1",true,"Research publications"
5838,"option 1",true,"Standards specifications"
5839,"option 4",true,"Standards overview"
5840,"option 5",true,"Standards overview"
5841,"option 1",true,"Standards specifications"
5842,"option 3",true,"Standards overview"
5843,"option 4",true,"Research publications"
5844,"option 5",true,"Research publications"
5845,"option 1",true,"Research overview"
5846,"option 3",true,"Research publications"
5847,"option 4",true,"Standards specifications"
5848,"option 3",true,"Research publications"
5849,"option 3",true,"Standards specifications"
5850,"option 3",true,"Research publications"
5851,"option 3",true,"Research publications"
5852,"option 4",true,"Lexicon"
5853,"option 2",false,"Standards specifications"
5854,"option 5",true,"Research overview"
5855,"option 4",true,"Lexicon"
5856,"option 2",true,"Lexicon"
5857,"option 4",true,"Lexicon"
5858,"option 1",true,"Research overview"
5859,"option 2",true,"Research publications"
5860,"option 4",true,"Research publications"
5861,"option 3",true,"Research publications"
5862,"option 2",true,"Research overview"
5863,"option 1",false,"Research publications"
5864,"option 3",true,"Research publications"
5865,"option 3",true,"Research publications"
5866,"option 3",true,"Standards specifications"
5867,"option 3",true,"Research publications"
5868,"option 5",false,"Research publications"
5869,"option 1",true,"Standards overview"
5870,"option 1",false,"Research overview"
5871,"option 3",true,"Research publications"
5872,"option 4",false,"Standards specifications"
5873,"option 3",true,"Research publications"
5874,"option 3",true,"Research overview"
5875,"option 1",true,"Research publications"
5876,"option 1",true,"Research publications"
5877,"option 1",false,"Research overview"
5878,"option 1",false,"Research publications"
5879,"option 3",false,"Research publications"
5880,"option 4",false,"Research overview"
5881,"option 1",false,"Standards specifications"
5882,"option 1",true,"Research publications"
5883,"option 3",false,"Research publications"
5884,"option 5",true,"Research overview"
5885,"option 3",true,"Research publications"
5886,"option 4",true,"Research publications"
5887,"option 5",true,"Research publications"
5888,"option 2",false,"Research publications"
5889,"option 1",true,"Research publications"
5890,"option 5",true,"Research overview"
5891,"option 4",true,"Standards overview"
5892,"option 3",false,"Standards overview"
5893,"option 3",false,"Lexicon"
5894,"option 5",true,"Lexicon"
5895,"option 3",true,"Standards specifications"
5896,"option 4",true,"Standards specifications"
5897,"option 1",true,"Standards overview"
5898,"option 3",false,"Research overview"
5899,"option 2",true,"Research publications"
5900,"option 1",true,"Research publications"
5901,"option 5",true,"Research publications"
5902,"option 5",true,"Research overview"
5903,"option 2",false,"Standards specifications"
5904,"option 1",true,"Standards specifications"
5905,"option 1",true,"Research overview"
5906,"option 2",true,"Standards overview"
5907,"option 1",false,"Research overview"
5908,"option 2",true,"Standards overview"
5909,"option 3",true,"Standards overview"
5910,"option 1",true,"Research publications"
5911,"option 2",true,"Standards overview"
5912,"option 1",false,"Standards specifications"
5913,"option 3",true,"Standards specifications"
5914,"option 4",true,"Research publications"
5915,"option 3",false,"Standards specifications"
5916,"option 1",true,"Lexicon"
5917,"option 2",true,"Research publications"
5918,"option 1",true,"Research overview"
5919,"option 2",true,"Standards overview"
5920,"option 5",false,"Standards specifications"
5921,"option 2",true,"Research publications"
5922,"option 4",true,"Lexicon"
5923,"option 3",true,"Standards specifications"
5924,"option 5",false,"Research publications"
5925,"option 1",true,"Research publications"
5926,"option 4",false,"Standards specifications"
5927,"option 3",true,"Research publications"
5928,"option 1",true,"Research publications"
5929,"option 2",false,"Standards specifications"
5930,"option 4",true,"Research publications"
5931,"option 1",true,"Research publications"
5932,"option 3",true,"Standards overview"
5933,"option 1",false,"Research publications"
5934,"option 1",true,"Research publications"
5935,"option 1",false,"Research publications"
5936,"option 4",false,"Research publications"
5937,"option 1",false,"Research publications"
5938,"option 4",true,"Research publications"
5939,"option 1",true,"Lexicon"
5940,"option 5",true,"Research overview"
5941,"option 2",true,"Research publications"
5942,"option 2",true,"Research publications"
5943,"option 1",true,"Standards specifications"
5944,"option 3",true,"Standards overview"
5945,"option 3",true,"Standards overview"
5946,"option 4",true,"Research overview"
5947,"option 2",true,"Standards specifications"
5948,"option 4",false,"Research publications"
5949,"option 2",false,"Standards overview"
5950,"option 1",true,"Research overview"
5951,"option 1",true,"Lexicon"
5952,"option 3",false,"Standards overview"
5953,"option 1",false,"Research publications"
5954,"option 3",true,"Research publications"
5955,"option 5",true,"Research publications"
5956,"option 5",false,"Research publications"
5957,"option 4",true,"Standards overview"
5958,"option 2",false,"Research publications"
5959,"option 1",true,"Research publications"
5960,"option 1",true,"Research publications"
5961,"option 5",false,"Research overview"
5962,"option 1",false,"Standards specifications"
5963,"option 1",false,"Standards specifications"
5964,"option 2",true,"Research publications"
5965,"option 3",true,"Research publications"
5966,"option 4",true,"Standards specifications"
5967,"option 1",false,"Standards specifications"
5968,"option 4",true,"Research publications"
5969,"option 5",true,"Research overview"
5970,"option 5",true,"Standards overview"
5971,"option 1",true,"Research publications"
5972,"option 2",true,"Research publications"
5973,"option 1",true,"Standards overview"
5974,"option 4",true,"Standards specifications"
5975,"option 2",false,"Research publications"
5976,"option 3",true,"Research publications"
5977,"option 1",true,"Research publications"
5978,"option 1",false,"Research overview"
5979,"option 5",true,"Research publications"
5980,"option 4",true,"Research publications"
5981,"option 3",false,"Standards specifications"
5982,"option 4",true,"Standards specifications"
5983,"option 3",true,"Research publications"
5984,"option 1",true,"Standards specifications"
5985,"option 3",false,"Research overview"
5986,"option 1",false,"Standards specifications"
5987,"option 4",true,"Research publications"
5988,"option 1",false,"Research overview"
5989,"option 1",true,"Standards overview"
5990,"option 1",false,"Lexicon"
5991,"option 4",true,"Standards overview"
5992,"option 5",true,"Research overview"
5993,"option 4",true,"Standards overview"
5994,"option 3",false,"Research publications"
5995,"option 3",true,"Standards overview"
5996,"option 3",true,"Research publications"
5997,"option 1",false,"Research overview"
5998,"option 2",false,"Research publications"
5999,"option 5",true,"Lexicon"
6000,"option 1",false,"Research publications"
6001,"option 2",false,"Standards specifications"
6002,"option 2",true,"Research overview"
6003,"option 2",true,"Standards specifications"
6004,"option 4",true,"Standards overview"
6005,"option 1",false,"Standards specifications"
6006,"option 2",false,"Standards specifications"
6007,"option 2",true,"Standards specifications"
6008,"option 1",true,"Research publications"
6009,"option 4",true,"Research publications"
6010,"option 2",true,"Standards overview"
6011,"option 5",false,"Lexicon"
6012,"option 2",false,"Research publications"
6013,"option 4",false,"Standards specifications"
6014,"option 5",true,"Research publications"
6015,"option 2",false,"Standards specifications"
6016,"option 3",true,"Lexicon"
6017,"option 3",true,"Standards specifications"
6018,"option 1",true,"Standards specifications"
6019,"option 3",true,"Research publications"
6020,"option 3",true,"Standards specifications"
6021,"option 3",true,"Lexicon"
6022,"option 5",true,"Research publications"
6023,"option 4",true,"Standards specifications"
6024,"option 1",true,"Standards specifications"
6025,"option 1",false,"Research publications"
6026,"option 5",true,"Research overview"
6027,"option 2",true,"Research publications"
6028,"option 1",false,"Research publications"
6029,"option 4",true,"Research publications"
6030,"option 2",true,"Research overview"
6031,"option 5",true,"Research publications"
6032,"option 4",true,"Standards overview"
6033,"option 1",true,"Research publications"
6034,"option 3",true,"Research publications"
6035,"option 3",true,"Standards specifications"
6036,"option 1",false,"Standards specifications"
6037,"option 5",true,"Standards specifications"
6038,"option 2",true,"Research publications"
6039,"option 1",false,"Research publications"
6040,"option 2",false,"Standards specifications"
6041,"option 1",true,"Research publications"
6042,"option 5",false,"Standards specifications"
6043,"option 1",false,"Research publications"
6044,"option 2",true,"Research overview"
6045,"option 4",false,"Research overview"
6046,"option 2",true,"Standards specifications"
6047,"option 5",true,"Research publications"
6048,"option 1",false,"Research publications"
6049,"option 5",true,"Standards overview"
6050,"option 1",true,"Research publications"
6051,"option 2",false,"Standards overview"
6052,"option 1",true,"Research overview"
6053,"option 3",true,"Lexicon"
6054,"option 4",true,"Research publications"
6055,"option 1",true,"Research publications"
6056,"option 1",true,"Lexicon"
6057,"option 4",true,"Standards specifications"
6058,"option 2",false,"Research publications"
6059,"option 3",false,"Standards specifications"
6060,"option 3",true,"Research publications"
6061,"option 5",true,"Standards specifications"
6062,"option 1",false,"Research publications"
6063,"option 2",false,"Research publications"
6064,"option 4",true,"Research overview"
6065,"option 1",false,"Standards specifications"
6066,"option 4",true,"Research publications"
6067,"option 3",false,"Standards specifications"
6068,"option 2",true,"Standards specifications"
6069,"option 4",false,"Research publications"
6070,"option 4",true,"Research overview"
6071,"option 2",true,"Research publications"
6072,"option 1",false,"Research publications"
6073,"option 3",true,"Standards overview"
6074,"option 3",true,"Research publications"
6075,"option 3",true,"Lexicon"
6076,"option 4",true,"Research overview"
6077,"option 2",false,"Research publications"
6078,"option 4",false,"Lexicon"
6079,"option 5",true,"Research publications"
6080,"option 4",true,"Standards overview"
6081,"option 4",true,"Research publications"
6082,"option 2",true,"Standards specifications"
6083,"option 1",true,"Standards specifications"
6084,"option 4",true,"Research overview"
6085,"option 4",true,"Research publications"
6086,"option 2",false,"Standards specifications"
6087,"option 1",false,"Research publications"
6088,"option 4",true,"Standards specifications"
6089,"option 5",false,"Research publications"
6090,"option 1",false,"Research publications"
6091,"option 2",true,"Research publications"
6092,"option 3",false,"Standards overview"
6093,"option 1",false,"Research overview"
6094,"option 3",true,"Research publications"
6095,"option 3",true,"Standards overview"
6096,"option 3",false,"Research overview"
6097,"option 1",true,"Standards specifications"
6098,"option 3",true,"Standards overview"
6099,"option 5",true,"Standards specifications"
6100,"option 3",false,"Standards specifications"
6101,"option 3",true,"Standards specifications"
6102,"option 1",true,"Research publications"
6103,"option 4",true,"Research overview"
6104,"option 1",false,"Research overview"
6105,"option 2",false,"Standards specifications"
6106,"option 1",false,"Standards specifications"
6107,"option 2",true,"Standards specifications"
6108,"option 2",true,"Research publications"
6109,"option 3",false,"Standards specifications"
6110,"option 5",true,"Research publications"
6111,"option 5",true,"Research overview"
6112,"option 3",true,"Research publications"
6113,"option 5",true,"Research publications"
6114,"option 3",false,"Research publications"
6115,"option 2",false,"Standards specifications"
6116,"option 1",true,"Standards specifications"
6117,"option 3",true,"Research publications"
6118,"option 5",true,"Research overview"
6119,"option 3",true,"Research publications"
6120,"option 4",true,"Research overview"
6121,"option 5",true,"Research overview"
6122,"option 1",false,"Research publications"
6123,"option 4",true,"Research publications"
6124,"option 2",false,"Standards specifications"
6125,"option 2",false,"Research overview"
6126,"option 4",true,"Research publications"
6127,"option 3",true,"Research overview"
6128,"option 1",false,"Research publications"
6129,"option 1",true,"Standards specifications"
6130,"option 1",true,"Research publications"
6131,"option 1",true,"Research publications"
6132,"option 4",false,"Research publications"
6133,"option 5",true,"Research overview"
6134,"option 5",true,"Research publications"
6135,"option 1",false,"Standards specifications"
6136,"option 2",false,"Research publications"
6137,"option 2",true,"Research publications"
6138,"option 4",false,"Research publications"
6139,"option 1",true,"Standards specifications"
6140,"option 3",true,"Standards overview"
6141,"option 1",false,"Research publications"
6142,"option 3",true,"Research publications"
6143,"option 3",false,"Research publications"
6144,"option 5",true,"Research overview"
6145,"option 5",true,"Research overview"
6146,"option 4",false,"Research publications"
6147,"option 4",false,"Standards specifications"
6148,"option 5",true,"Research publications"
6149,"option 1",false,"Research overview"
6150,"option 3",true,"Research publications"
6151,"option 1",false,"Standards specifications"
6152,"option 1",false,"Standards specifications"
6153,"option 4",true,"Research publications"
6154,"option 1",true,"Research publications"
6155,"option 1",false,"Standards overview"
6156,"option 4",true,"Standards specifications"
6157,"option 4",true,"Research overview"
6158,"option 5",true,"Research publications"
6159,"option 2",true,"Research publications"
6160,"option 4",false,"Research publications"
6161,"option 4",true,"Research publications"
6162,"option 3",true,"Research publications"
6163,"option 1",false,"Standards specifications"
6164,"option 3",true,"Research publications"
6165,"option 3",true,"Standards specifications"
6166,"option 2",true,"Research publications"
6167,"option 1",false,"Standards overview"
6168,"option 4",true,"Research overview"
6169,"option 1",false,"Research publications"
6170,"option 5",true,"Standards overview"
6171,"option 2",false,"Standards overview"
6172,"option 3",true,"Standards specifications"
6173,"option 1",true,"Standards specifications"
6174,"option 1",true,"Research publications"
6175,"option 1",true,"Standards specifications"
6176,"option 2",true,"Research publications"
6177,"option 4",true,"Research overview"
6178,"option 3",true,"Standards overview"
6179,"option 4",true,"Research overview"
6180,"option 2",true,"Research publications"
6181,"option 4",true,"Research publications"
6182,"option 3",true,"Research publications"
6183,"option 4",true,"Research publications"
6184,"option 3",false,"Research publications"
6185,"option 1",true,"Research publications"
6186,"option 3",true,"Lexicon"
6187,"option 2",true,"Standards specifications"
6188,"option 2",true,"Research publications"
6189,"option 2",true,"Standards specifications"
6190,"option 4",true,"Research publications"
6191,"option 5",false,"Research publications"
6192,"option 5",true,"Research overview"
6193,"option 3",false,"Research publications"
6194,"option 4",true,"Research publications"
6195,"option 1",false,"Standards specifications"
6196,"option 2",true,"Standards specifications"
6197,"option 1",true,"Standards specifications"
6198,"option 3",true,"Standards specifications"
6199,"option 3",true,"Research overview"
6200,"option 4",false,"Research publications"
6201,"option 3",true,"Standards overview"
6202,"option 3",true,"Research publications"
6203,"option 1",false,"Research publications"
6204,"option 1",true,"Standards specifications"
6205,"option 1",true,"Research overview"
6206,"option 1",false,"Standards specifications"
6207,"option 4",true,"Research publications"
6208,"option 1",true,"Research publications"
6209,"option 1",true,"Research overview"
6210,"option 4",true,"Research overview"
6211,"option 3",false,"Standards specifications"
6212,"option 1",false,"Standards specifications"
6213,"option 3",true,"Research publications"
6214,"option 4",true,"Research overview"
6215,"option 2",true,"Research publications"
6216,"option 2",false,"Standards specifications"
6217,"option 3",true,"Research overview"
6218,"option 2",true,"Research overview"
6219,"option 4",true,"Lexicon"
6220,"option 3",true,"Research publications"
6221,"option 2",true,"Lexicon"
6222,"option 4",true,"Research publications"
6223,"option 4",true,"Standards overview"
6224,"option 2",true,"Research overview"
6225,"option 3",false,"Standards specifications"
6226,"option 1",true,"Research overview"
6227,"option 4",true,"Research publications"
6228,"option 5",true,"Standards specifications"
6229,"option 1",true,"Research publications"
6230,"option 1",true,"Research overview"
6231,"option 4",false,"Research publications"
6232,"option 2",true,"Research publications"
6233,"option 1",true,"Standards specifications"
6234,"option 1",false,"Lexicon"
6235,"option 1",true,"Research publications"
6236,"option 1",true,"Research publications"
6237,"option 2",false,"Standards specifications"
6238,"option 1",true,"Research publications"
6239,"option 1",false,"Standards specifications"
6240,"option 3",false,"Research overview"
6241,"option 2",true,"Standards specifications"
6242,"option 1",false,"Research publications"
6243,"option 4",true,"Research publications"
6244,"option 1",true,"Research publications"
6245,"option 5",true,"Lexicon"
6246,"option 1",true,"Research overview"
6247,"option 1",false,"Standards overview"
6248,"option 2",true,"Standards overview"
6249,"option 4",true,"Research overview"
6250,"option 3",false,"Research overview"
6251,"option 4",false,"Research publications"
6252,"option 3",true,"Research overview"
6253,"option 3",false,"Standards specifications"
6254,"option 2",false,"Standards specifications"
6255,"option 1",true,"Research publications"
6256,"option 1",true,"Research publications"
6257,"option 2",true,"Research publications"
6258,"option 5",true,"Standards specifications"
6259,"option 3",false,"Standards specifications"
6260,"option 3",true,"Research publications"
6261,"option 2",true,"Standards overview"
6262,"option 2",true,"Research overview"
6263,"option 3",true,"Research publications"
6264,"option 3",true,"Research publications"
6265,"option 2",false,"Research publications"
6266,"option 1",true,"Research publications"
6267,"option 1",false,"Research overview"
6268,"option 2",false,"Standards specifications"
6269,"option 3",false,"Research publications"
6270,"option 1",true,"Research publications"
6271,"option 3",true,"Research publications"
6272,"option 2",false,"Standards specifications"
6273,"option 3",false,"Research publications"
6274,"option 4",false,"Standards specifications"
6275,"option 3",false,"Lexicon"
6276,"option 5",true,"Research publications"
6277,"option 3",true,"Standards specifications"
6278,"option 1",true,"Research publications"
6279,"option 2",true,"Research publications"
6280,"option 1",false,"Research overview"
6281,"option 4",false,"Research overview"
6282,"option 5",true,"Standards overview"
6283,"option 5",true,"Research overview"
6284,"option 3",true,"Research publications"
6285,"option 1",true,"Research publications"
6286,"option 4",true,"Standards specifications"
6287,"option 4",true,"Standards specifications"
6288,"option 2",true,"Research publications"
6289,"option 2",true,"Standards specifications"
6290,"option 1",false,"Standards overview"
6291,"option 3",false,"Research publications"
6292,"option 1",true,"Standards specifications"
6293,"option 2",false,"Research publications"
6294,"option 2",true,"Research overview"
6295,"option 1",true,"Research overview"
6296,"option 3",false,"Standards specifications"
6297,"option 4",true,"Standards specifications"
6298,"option 1",true,"Research publications"
6299,"option 4",true,"Research overview"
6300,"option 3",false,"Standards specifications"
6301,"option 5",true,"Research publications"
6302,"option 2",false,"Research publications"
6303,"option 5",true,"Research publications"
6304,"option 1",true,"Research publications"
6305,"option 2",true,"Research publications"
6306,"option 4",false,"Research publications"
6307,"option 4",false,"Research publications"
6308,"option 2",true,"Research overview"
6309,"option 1",true,"Standards overview"
6310,"option 1",true,"Standards overview"
6311,"option 4",true,"Research publications"
6312,"option 5",false,"Standards overview"
6313,"option 4",true,"Research overview"
6314,"option 1",true,"Research publications"
6315,"option 1",false,"Standards overview"
6316,"option 1",false,"Lexicon"
6317,"option 4",true,"Research publications"
6318,"option 5",true,"Research overview"
6319,"option 1",false,"Research overview"
6320,"option 2",true,"Research publications"
6321,"option 1",false,"Research publications"
6322,"option 3",true,"Research overview"
6323,"option 1",true,"Research overview"
6324,"option 2",true,"Lexicon"
6325,"option 2",true,"Research publications"
6326,"option 2",true,"Research publications"
6327,"option 4",true,"Research publications"
6328,"option 2",true,"Research publications"
6329,"option 3",true,"Standards specifications"
6330,"option 2",true,"Research publications"
6331,"option 3",true,"Standards specifications"
6332,"option 5",true,"Research publications"
6333,"option 2",false,"Research publications"
6334,"option 2",true,"Research overview"
6335,"option 3",true,"Research publications"
6336,"option 2",true,"Research publications"
6337,"option 5",true,"Standards specifications"
6338,"option 5",true,"Research publications"
6339,"option 1",true,"Standards specifications"
6340,"option 4",true,"Research overview"
6341,"option 2",true,"Research publications"
6342,"option 5",true,"Research overview"
6343,"option 2",true,"Research publications"
6344,"option 2",true,"Research publications"
6345,"option 5",false,"Research publications"
6346,"option 2",false,"Research overview"
6347,"option 1",true,"Research overview"
6348,"option 5",false,"Research overview"
6349,"option 4",false,"Research overview"
6350,"option 2",true,"Research publications"
6351,"option 2",true,"Standards overview"
6352,"option 4",true,"Standards overview"
6353,"option 2",true,"Research overview"
6354,"option 2",false,"Standards specifications"
6355,"option 3",true,"Research publications"
6356,"option 1",true,"Standards specifications"
6357,"option 2",true,"Research publications"
6358,"option 2",true,"Research publications"
6359,"option 3",false,"Standards specifications"
6360,"option 2",true,"Standards specifications"
6361,"option 5",true,"Research publications"
6362,"option 4",false,"Standards specifications"
6363,"option 4",true,"Research publications"
6364,"option 1",true,"Research publications"
6365,"option 2",true,"Research overview"
6366,"option 2",true,"Standards overview"
6367,"option 5",true,"Standards specifications"
6368,"option 1",true,"Research overview"
6369,"option 2",true,"Research publications"
6370,"option 1",true,"Research overview"
6371,"option 2",false,"Research publications"
6372,"option 4",true,"Research publications"
6373,"option 1",true,"Research publications"
6374,"option 3",true,"Research publications"
6375,"option 1",true,"Standards specifications"
6376,"option 2",false,"Standards specifications"
6377,"option 3",true,"Standards overview"
6378,"option 5",true,"Research publications"
6379,"option 4",false,"Standards specifications"
6380,"option 5",false,"Research overview"
6381,"option 1",false,"Research publications"
6382,"option 3",false,"Research overview"
6383,"option 1",true,"Research publications"
6384,"option 2",false,"Research publications"
6385,"option 5",true,"Standards specifications"
6386,"option 1",false,"Research overview"
6387,"option 1",true,"Research overview"
6388,"option 5",true,"Research overview"
6389,"option 4",true,"Lexicon"
6390,"option 4",true,"Research publications"
6391,"option 2",false,"Research publications"
6392,"option 4",false,"Research overview"
6393,"option 5",false,"Standards specifications"
6394,"option 3",false,"Research publications"
6395,"option 3",false,"Research publications"
6396,"option 1",false,"Standards specifications"
6397,"option 3",true,"Standards overview"
6398,"option 5",true,"Lexicon"
6399,"option 1",false,"Research publications"
6400,"option 3",false,"Lexicon"
6401,"option 4",true,"Research publications"
6402,"option 4",true,"Research publications"
6403,"option 5",true,"Research publications"
6404,"option 5",false,"Research overview"
6405,"option 4",false,"Research publications"
6406,"option 2",false,"Research publications"
6407,"option 1",false,"Research publications"
6408,"option 2",true,"Research publications"
6409,"option 4",true,"Standards specifications"
6410,"option 1",true,"Research publications"
6411,"option 2",true,"Research publications"
6412,"option 3",true,"Research publications"
6413,"option 1",false,"Research overview"
6414,"option 2",true,"Standards specifications"
6415,"option 4",true,"Research publications"
6416,"option 1",false,"Standards overview"
6417,"option 4",true,"Research publications"
6418,"option 4",true,"Research overview"
6419,"option 1",true,"Research publications"
6420,"option 2",false,"Research publications"
6421,"option 1",true,"Research publications"
6422,"option 2",true,"Research publications"
6423,"option 4",true,"Standards specifications"
6424,"option 1",true,"Research overview"
6425,"option 3",true,"Standards overview"
6426,"option 3",true,"Lexicon"
6427,"option 3",true,"Lexicon"
6428,"option 3",true,"Research publications"
6429,"option 1",false,"Research overview"
6430,"option 2",true,"Research overview"
6431,"option 1",false,"Standards specifications"
6432,"option 1",true,"Standards specifications"
6433,"option 4",false,"Research overview"
6434,"option 4",true,"Research publications"
6435,"option 2",false,"Standards specifications"
6436,"option 2",false,"Research publications"
6437,"option 5",false,"Lexicon"
6438,"option 2",false,"Research publications"
6439,"option 3",true,"Research publications"
6440,"option 3",true,"Research publications"
6441,"option 4",false,"Research publications"
6442,"option 3",true,"Research publications"
6443,"option 3",true,"Research publications"
6444,"option 4",true,"Research publications"
6445,"option 2",true,"Research overview"
6446,"option 4",false,"Standards specifications"
6447,"option 4",false,"Research publications"
6448,"option 5",true,"Research overview"
6449,"option 2",true,"Research publications"
6450,"option 2",false,"Research publications"
6451,"option 4",true,"Standards specifications"
6452,"option 1",false,"Standards specifications"
6453,"option 3",false,"Research publications"
6454,"option 3",true,"Research publications"
6455,"option 2",true,"Lexicon"
6456,"option 1",true,"Research publications"
6457,"option 5",true,"Research publications"
6458,"option 3",true,"Research publications"
6459,"option 5",true,"Research overview"
6460,"option 1",true,"Research publications"
6461,"option 1",true,"Research publications"
6462,"option 3",true,"Research publications"
6463,"option 5",true,"Standards specifications"
6464,"option 1",true,"Standards specifications"
6465,"option 2",true,"Research publications"
6466,"option 4",false,"Research overview"
6467,"option 5",true,"Research publications"
6468,"option 4",false,"Research publications"
6469,"option 3",true,"Lexicon"
6470,"option 5",true,"Standards overview"
6471,"option 2",true,"Research publications"
6472,"option 2",false,"Standards overview"
6473,"option 1",false,"Research publications"
6474,"option 1",true,"Research overview"
6475,"option 2",false,"Research overview"
6476,"option 3",true,"Standards specifications"
6477,"option 3",false,"Research overview"
6478,"option 3",false,"Standards overview"
6479,"option 4",true,"Research publications"
6480,"option 2",true,"Research overview"
6481,"option 1",true,"Research publications"
6482,"option 4",true,"Research publications"
6483,"option 4",true,"Lexicon"
6484,"option 4",true,"Standards specifications"
6485,"option 3",true,"Lexicon"
6486,"option 2",false,"Standards specifications"
6487,"option 1",true,"Lexicon"
6488,"option 2",true,"Standards overview"
6489,"option 4",true,"Research publications"
6490,"option 3",false,"Standards specifications"
6491,"option 3",false,"Research overview"
6492,"option 3",false,"Research publications"
6493,"option 1",false,"Research publications"
6494,"option 3",true,"Standards overview"
6495,"option 1",false,"Research publications"
6496,"option 4",true,"Research overview"
6497,"option 1",true,"Research publications"
6498,"option 1",true,"Research publications"
6499,"option 1",true,"Research publications"
6500,"option 2",false,"Standards overview"
6501,"option 1",true,"Research overview"
6502,"option 2",false,"Standards specifications"
6503,"option 2",true,"Research publications"
6504,"option 1",true,"Research publications"
6505,"option 4",false,"Research publications"
6506,"option 1",true,"Research publications"
6507,"option 4",false,"Research publications"
6508,"option 4",true,"Research publications"
6509,"option 2",true,"Standards overview"
6510,"option 4",false,"Standards overview"
6511,"option 3",true,"Research publications"
6512,"option 1",false,"Lexicon"
6513,"option 5",true,"Research publications"
6514,"option 5",true,"Research overview"
6515,"option 4",false,"Research publications"
6516,"option 4",true,"Research publications"
6517,"option 3",true,"Lexicon"
6518,"option 4",true,"Research overview"
6519,"option 1",true,"Research publications"
6520,"option 5",true,"Research publications"
6521,"option 1",true,"Research publications"
6522,"option 1",true,"Research publications"
6523,"option 1",true,"Research publications"
6524,"option 1",false,"Research publications"
6525,"option 1",true,"Lexicon"
6526,"option 1",false,"Research overview"
6527,"option 3",false,"Research publications"
6528,"option 1",false,"Standards overview"
6529,"option 3",true,"Research publications"
6530,"option 1",true,"Research publications"
6531,"option 2",true,"Research overview"
6532,"option 4",true,"Research overview"
6533,"option 3",true,"Standards overview"
6534,"option 3",false,"Lexicon"
6535,"option 4",true,"Research publications"
6536,"option 3",true,"Research publications"
6537,"option 3",true,"Research publications"
6538,"option 1",true,"Research publications"
6539,"option 1",true,"Research publications"
6540,"option 1",false,"Standards specifications"
6541,"option 2",false,"Research publications"
6542,"option 3",false,"Research publications"
6543,"option 3",true,"Standards overview"
6544,"option 4",false,"Research overview"
6545,"option 5",false,"Standards specifications"
6546,"option 4",false,"Research overview"
6547,"option 1",false,"Research publications"
6548,"option 4",true,"Research overview"
6549,"option 2",true,"Research overview"
6550,"option 4",true,"Research publications"
6551,"option 1",true,"Research publications"
6552,"option 5",true,"Research publications"
6553,"option 1",false,"Research publications"
6554,"option 5",true,"Research overview"
6555,"option 5",true,"Research publications"
6556,"option 3",true,"Research publications"
6557,"option 3",true,"Standards specifications"
6558,"option 3",false,"Research publications"
6559,"option 2",true,"Research overview"
6560,"option 2",true,"Research publications"
6561,"option 3",true,"Standards specifications"
6562,"option 1",false,"Research publications"
6563,"option 5",true,"Research overview"
6564,"option 1",false,"Research publications"
6565,"option 5",true,"Research publications"
6566,"option 2",true,"Research publications"
6567,"option 5",false,"Research publications"
6568,"option 3",false,"Research overview"
6569,"option 1",false,"Research overview"
6570,"option 1",false,"Research publications"
6571,"option 5",true,"Standards specifications"
6572,"option 1",true,"Research publications"
6573,"option 2",true,"Standards specifications"
6574,"option 1",true,"Standards specifications"
6575,"option 4",false,"Standards specifications"
6576,"option 4",false,"Standards specifications"
6577,"option 3",true,"Research overview"
6578,"option 1",false,"Research publications"
6579,"option 2",false,"Standards specifications"
6580,"option 5",true,"Research publications"
6581,"option 2",false,"Research overview"
6582,"option 5",true,"Standards specifications"
6583,"option 1",false,"Lexicon"
6584,"option 2",true,"Standards specifications"
6585,"option 3",false,"Standards specifications"
6586,"option 2",true,"Research publications"
6587,"option 1",false,"Standards specifications"
6588,"option 1",true,"Research overview"
6589,"option 1",false,"Research publications"
6590,"option 2",true,"Standards specifications"
6591,"option 2",true,"Research publications"
6592,"option 1",true,"Standards overview"
6593,"option 2",false,"Research publications"
6594,"option 3",true,"Research publications"
6595,"option 3",false,"Research overview"
6596,"option 4",false,"Standards specifications"
6597,"option 1",false,"Standards specifications"
6598,"option 5",true,"Research publications"
6599,"option 2",true,"Standards specifications"
6600,"option 2",false,"Standards overview"
6601,"option 1",false,"Research publications"
6602,"option 4",true,"Standards specifications"
6603,"option 4",true,"Standards specifications"
6604,"option 1",false,"Standards specifications"
6605,"option 4",true,"Research publications"
6606,"option 4",true,"Research publications"
6607,"option 2",false,"Research publications"
6608,"option 4",true,"Standards overview"
6609,"option 2",false,"Standards overview"
6610,"option 4",true,"Research overview"
6611,"option 4",false,"Research publications"
6612,"option 2",false,"Standards specifications"
6613,"option 1",true,"Research publications"
6614,"option 3",false,"Research publications"
6615,"option 2",false,"Standards specifications"
6616,"option 1",true,"Standards overview"
6617,"option 1",true,"Standards specifications"
6618,"option 1",true,"Research publications"
6619,"option 4",true,"Research publications"
6620,"option 1",true,"Research overview"
6621,"option 5",true,"Research publications"
6622,"option 3",true,"Research overview"
6623,"option 2",true,"Standards specifications"
6624,"option 4",true,"Lexicon"
6625,"option 4",false,"Research overview"
6626,"option 5",true,"Research publications"
6627,"option 4",false,"Research overview"
6628,"option 3",false,"Standards specifications"
6629,"option 1",true,"Research publications"
6630,"option 3",true,"Standards overview"
6631,"option 4",true,"Standards specifications"
6632,"option 3",true,"Standards specifications"
6633,"option 5",false,"Standards specifications"
6634,"option 1",true,"Research publications"
6635,"option 3",false,"Research overview"
6636,"option 2",false,"Research overview"
6637,"option 4",true,"Research overview"
6638,"option 2",true,"Research publications"
6639,"option 1",false,"Standards specifications"
6640,"option 3",true,"Standards overview"
6641,"option 5",false,"Standards overview"
6642,"option 4",true,"Standards overview"
6643,"option 2",false,"Research publications"
6644,"option 5",true,"Research overview"
6645,"option 5",true,"Research publications"
6646,"option 3",true,"Research publications"
6647,"option 3",true,"Research publications"
6648,"option 5",false,"Standards specifications"
6649,"option 3",true,"Research overview"
6650,"option 1",false,"Research publications"
6651,"option 4",false,"Standards specifications"
6652,"option 5",true,"Standards specifications"
6653,"option 1",false,"Research overview"
6654,"option 2",true,"Research overview"
6655,"option 1",false,"Research overview"
6656,"option 4",true,"Research publications"
6657,"option 3",true,"Research publications"
6658,"option 1",true,"Research publications"
6659,"option 1",false,"Standards specifications"
6660,"option 1",true,"Research publications"
6661,"option 5",true,"Standards specifications"
6662,"option 2",false,"Research publications"
6663,"option 4",false,"Standards specifications"
6664,"option 4",true,"Standards specifications"
6665,"option 4",true,"Research overview"
6666,"option 3",true,"Research publications"
6667,"option 2",true,"Research publications"
6668,"option 1",true,"Research publications"
6669,"option 4",true,"Research publications"
6670,"option 4",true,"Lexicon"
6671,"option 1",false,"Research publications"
6672,"option 1",true,"Research overview"
6673,"option 4",true,"Standards specifications"
6674,"option 4",true,"Standards overview"
6675,"option 1",false,"Standards overview"
6676,"option 1",true,"Research publications"
6677,"option 2",false,"Research overview"
6678,"option 5",true,"Lexicon"
6679,"option 1",true,"Research publications"
6680,"option 2",false,"Standards specifications"
6681,"option 3",true,"Research publications"
6682,"option 2",true,"Standards specifications"
6683,"option 5",true,"Research overview"
6684,"option 3",false,"Research publications"
6685,"option 1",true,"Research publications"
6686,"option 5",true,"Standards specifications"
6687,"option 5",false,"Research publications"
6688,"option 1",true,"Research overview"
6689,"option 4",true,"Research publications"
6690,"option 1",false,"Research overview"
6691,"option 2",false,"Research overview"
6692,"option 1",true,"Standards specifications"
6693,"option 3",false,"Research publications"
6694,"option 3",true,"Research publications"
6695,"option 4",true,"Lexicon"
6696,"option 2",true,"Lexicon"
6697,"option 3",false,"Standards specifications"
6698,"option 2",false,"Standards specifications"
6699,"option 3",false,"Research publications"
6700,"option 1",true,"Research publications"
6701,"option 1",true,"Standards specifications"
6702,"option 2",true,"Lexicon"
6703,"option 2",true,"Research publications"
6704,"option 2",true,"Research publications"
6705,"option 2",true,"Standards specifications"
6706,"option 2",false,"Standards specifications"
6707,"option 1",true,"Research overview"
6708,"option 3",true,"Research publications"
6709,"option 2",true,"Research publications"
6710,"option 3",true,"Research overview"
6711,"option 1",false,"Research overview"
6712,"option 5",false,"Research overview"
6713,"option 3",true,"Research publications"
6714,"option 4",false,"Standards specifications"
6715,"option 3",true,"Research publications"
6716,"option 5",true,"Research publications"
6717,"option 2",false,"Research overview"
6718,"option 3",false,"Research publications"
6719,"option 2",true,"Research publications"
6720,"option 2",true,"Research overview"
6721,"option 3",false,"Standards specifications"
6722,"option 3",true,"Standards overview"
6723,"option 4",false,"Standards overview"
6724,"option 3",false,"Research overview"
6725,"option 3",true,"Research publications"
6726,"option 4",true,"Research overview"
6727,"option 2",true,"Standards specifications"
6728,"option 1",true,"Research publications"
6729,"option 5",false,"Research publications"
6730,"option 2",false,"Research publications"
6731,"option 3",true,"Standards overview"
6732,"option 1",false,"Research publications"
6733,"option 1",true,"Research publications"
6734,"option 1",false,"Standards specifications"
6735,"option 4",false,"Standards specifications"
6736,"option 3",true,"Standards specifications"
6737,"option 1",true,"Standards overview"
6738,"option 3",false,"Research overview"
6739,"option 2",false,"Standards specifications"
6740,"option 2",false,"Research publications"
6741,"option 3",false,"Standards specifications"
6742,"option 1",true,"Research overview"
6743,"option 4",true,"Research publications"
6744,"option 5",false,"Standards specifications"
6745,"option 2",true,"Research overview"
6746,"option 1",true,"Standards overview"
6747,"option 5",false,"Research publications"
6748,"option 3",true,"Research publications"
6749,"option 4",true,"Research publications"
6750,"option 2",false,"Standards specifications"
6751,"option 1",false,"Research publications"
6752,"option 3",false,"Standards specifications"
6753,"option 5",true,"Research publications"
6754,"option 2",true,"Research overview"
6755,"option 1",true,"Standards specifications"
6756,"option 1",false,"Research publications"
6757,"option 1",true,"Research overview"
6758,"option 4",false,"Research publications"
6759,"option 2",true,"Standards specifications"
6760,"option 4",true,"Standards specifications"
6761,"option 4",false,"Research publications"
6762,"option 2",true,"Standards specifications"
6763,"option 1",true,"Standards specifications"
6764,"option 2",false,"Research publications"
6765,"option 2",true,"Research publications"
6766,"option 1",true,"Standards overview"
6767,"option 2",true,"Research overview"
6768,"option 4",true,"Research publications"
6769,"option 4",true,"Standards specifications"
6770,"option 1",false,"Research publications"
6771,"option 4",false,"Research overview"
6772,"option 1",false,"Research publications"
6773,"option 1",true,"Standards specifications"
6774,"option 2",true,"Research publications"
6775,"option 4",true,"Standards overview"
6776,"option 4",true,"Standards specifications"
6777,"option 1",true,"Standards overview"
6778,"option 2",false,"Research publications"
6779,"option 1",true,"Research publications"
6780,"option 2",true,"Research publications"
6781,"option 3",false,"Standards specifications"
6782,"option 4",true,"Research publications"
6783,"option 5",false,"Lexicon"
6784,"option 5",false,"Standards overview"
6785,"option 4",false,"Standards specifications"
6786,"option 5",false,"Research overview"
6787,"option 2",true,"Research publications"
6788,"option 4",true,"Research publications"
6789,"option 3",true,"Lexicon"
6790,"option 2",true,"Standards specifications"
6791,"option 4",true,"Standards specifications"
6792,"option 3",true,"Research publications"
6793,"option 2",false,"Research overview"
6794,"option 1",false,"Lexicon"
6795,"option 1",false,"Research publications"
6796,"option 3",false,"Research overview"
6797,"option 5",true,"Research publications"
6798,"option 3",true,"Research publications"
6799,"option 5",true,"Standards specifications"
6800,"option 3",false,"Research publications"
6801,"option 4",false,"Research overview"
6802,"option 3",true,"Research publications"
6803,"option 1",false,"Research overview"
6804,"option 2",true,"Research publications"
6805,"option 3",true,"Research publications"
6806,"option 5",false,"Standards specifications"
6807,"option 2",true,"Research publications"
6808,"option 1",true,"Research publications"
6809,"option 2",true,"Research overview"
6810,"option 1",true,"Research publications"
6811,"option 3",true,"Research publications"
6812,"option 1",true,"Research publications"
6813,"option 5",true,"Standards overview"
6814,"option 1",true,"Research publications"
6815,"option 2",true,"Research publications"
6816,"option 3",true,"Standards specifications"
6817,"option 4",false,"Standards specifications"
6818,"option 5",false,"Research publications"
6819,"option 1",false,"Research publications"
6820,"option 1",false,"Research publications"
6821,"option 5",true,"Standards specifications"
6822,"option 1",false,"Research overview"
6823,"option 1",false,"Research publications"
6824,"option 2",false,"Research publications"
6825,"option 2",true,"Research overview"
6826,"option 3",false,"Research overview"
6827,"option 1",true,"Research publications"
6828,"option 2",false,"Standards specifications"
6829,"option 1",false,"Research overview"
6830,"option 2",true,"Research publications"
6831,"option 2",false,"Standards specifications"
6832,"option 3",true,"Research publications"
6833,"option 1",false,"Research publications"
6834,"option 1",false,"Standards specifications"
6835,"option 3",false,"Research publications"
6836,"option 5",true,"Standards specifications"
6837,"option 5",true,"Research publications"
6838,"option 1",false,"Research publications"
6839,"option 4",true,"Standards specifications"
6840,"option 2",true,"Standards overview"
6841,"option 3",false,"Standards overview"
6842,"option 4",true,"Standards specifications"
6843,"option 2",false,"Research publications"
6844,"option 4",false,"Research overview"
6845,"option 5",true,"Lexicon"
6846,"option 4",true,"Research publications"
6847,"option 1",true,"Research publications"
6848,"option 3",true,"Research overview"
6849,"option 2",true,"Research publications"
6850,"option 2",true,"Research overview"
6851,"option 2",false,"Standards specifications"
6852,"option 4",true,"Research publications"
6853,"option 1",false,"Standards specifications"
6854,"option 2",true,"Standards overview"
6855,"option 1",true,"Research publications"
6856,"option 5",true,"Standards specifications"
6857,"option 2",true,"Research publications"
6858,"option 2",true,"Research overview"
6859,"option 4",false,"Standards specifications"
6860,"option 2",false,"Standards specifications"
6861,"option 4",false,"Research publications"
6862,"option 5",true,"Research overview"
6863,"option 1",true,"Research publications"
6864,"option 1",true,"Research overview"
6865,"option 2",true,"Research publications"
6866,"option 5",true,"Research publications"
6867,"option 2",false,"Research overview"
6868,"option 1",true,"Research publications"
6869,"option 1",true,"Research overview"
6870,"option 1",false,"Research publications"
6871,"option 1",true,"Standards specifications"
6872,"option 4",false,"Standards specifications"
6873,"option 1",true,"Research publications"
6874,"option 1",false,"Research publications"
6875,"option 1",true,"Research publications"
6876,"option 4",true,"Research publications"
6877,"option 2",false,"Standards specifications"
6878,"option 1",true,"Research overview"
6879,"option 1",false,"Research overview"
6880,"option 5",false,"Research publications"
6881,"option 5",false,"Research overview"
6882,"option 4",false,"Standards specifications"
6883,"option 1",false,"Research publications"
6884,"option 4",true,"Research overview"
6885,"option 5",true,"Research publications"
6886,"option 5",true,"Standards specifications"
6887,"option 2",true,"Research publications"
6888,"option 1",false,"Standards specifications"
6889,"option 1",false,"Standards specifications"
6890,"option 3",true,"Research publications"
6891,"option 5",false,"Research publications"
6892,"option 1",true,"Research overview"
6893,"option 2",true,"Research overview"
6894,"option 4",true,"Research overview"
6895,"option 4",true,"Research publications"
6896,"option 1",false,"Research publications"
6897,"option 2",true,"Research overview"
6898,"option 3",true,"Research overview"
6899,"option 4",true,"Lexicon"
6900,"option 1",true,"Research overview"
6901,"option 1",true,"Standards specifications"
6902,"option 4",false,"Research publications"
6903,"option 4",false,"Research publications"
6904,"option 2",false,"Research publications"
6905,"option 3",true,"Research publications"
6906,"option 3",true,"Research publications"
6907,"option 3",true,"Lexicon"
6908,"option 1",true,"Research publications"
6909,"option 4",true,"Standards overview"
6910,"option 1",false,"Research overview"
6911,"option 1",true,"Research publications"
6912,"option 2",true,"Standards specifications"
6913,"option 2",false,"Research publications"
6914,"option 2",true,"Research publications"
6915,"option 3",true,"Research publications"
6916,"option 3",false,"Research publications"
6917,"option 1",false,"Research overview"
6918,"option 5",true,"Research publications"
6919,"option 4",true,"Research publications"
6920,"option 3",false,"Research overview"
6921,"option 1",true,"Standards overview"
6922,"option 2",true,"Research publications"
6923,"option 1",false,"Standards specifications"
6924,"option 1",true,"Research overview"
6925,"option 3",true,"Research publications"
6926,"option 3",false,"Research overview"
6927,"option 2",true,"Standards overview"
6928,"option 1",false,"Research overview"
6929,"option 1",true,"Standards overview"
6930,"option 5",false,"Research publications"
6931,"option 3",false,"Research publications"
6932,"option 1",true,"Research publications"
6933,"option 4",true,"Research overview"
6934,"option 5",true,"Research publications"
6935,"option 1",false,"Standards overview"
6936,"option 3",false,"Research publications"
6937,"option 4",true,"Research overview"
6938,"option 3",true,"Lexicon"
6939,"option 1",true,"Standards specifications"
6940,"option 3",true,"Research overview"
6941,"option 4",true,"Lexicon"
6942,"option 1",false,"Research overview"
6943,"option 1",false,"Standards overview"
6944,"option 3",false,"Research overview"
6945,"option 1",false,"Standards specifications"
6946,"option 3",true,"Standards overview"
6947,"option 2",true,"Lexicon"
6948,"option 2",true,"Research publications"
6949,"option 5",true,"Research publications"
6950,"option 2",true,"Research publications"
6951,"option 4",true,"Standards overview"
6952,"option 2",true,"Research overview"
6953,"option 3",false,"Research overview"
6954,"option 4",true,"Research overview"
6955,"option 2",true,"Research publications"
6956,"option 5",false,"Standards specifications"
6957,"option 5",true,"Research publications"
6958,"option 1",true,"Research publications"
6959,"option 3",true,"Research publications"
6960,"option 1",true,"Standards overview"
6961,"option 4",true,"Standards overview"
6962,"option 4",true,"Research publications"
6963,"option 2",true,"Standards specifications"
6964,"option 2",true,"Research publications"
6965,"option 2",false,"Standards overview"
6966,"option 1",false,"Research overview"
6967,"option 4",true,"Research publications"
6968,"option 3",true,"Research publications"
6969,"option 4",false,"Research publications"
6970,"option 4",true,"Research publications"
6971,"option 3",false,"Research overview"
6972,"option 3",true,"Standards overview"
6973,"option 1",true,"Research publications"
6974,"option 2",true,"Research publications"
6975,"option 2",true,"Lexicon"
6976,"option 4",true,"Research publications"
6977,"option 5",true,"Standards specifications"
6978,"option 1",false,"Research publications"
6979,"option 1",false,"Standards specifications"
6980,"option 4",true,"Research publications"
6981,"option 3",true,"Research publications"
6982,"option 1",true,"Lexicon"
6983,"option 1",false,"Research publications"
6984,"option 4",true,"Research publications"
6985,"option 2",false,"Standards overview"
6986,"option 4",true,"Research publications"
6987,"option 2",false,"Research overview"
6988,"option 1",false,"Research publications"
6989,"option 3",true,"Research overview"
6990,"option 4",true,"Standards overview"
6991,"option 4",true,"Standards specifications"
6992,"option 3",true,"Research publications"
6993,"option 3",true,"Lexicon"
6994,"option 5",true,"Research overview"
6995,"option 2",false,"Standards overview"
6996,"option 1",false,"Research publications"
6997,"option 1",false,"Research publications"
6998,"option 4",true,"Research publications"
6999,"option 1",true,"Research overview"
7000,"option 2",true,"Research publications"
7001,"option 2",true,"Research publications"
7002,"option 2",true,"Lexicon"
7003,"option 4",true,"Research publications"
7004,"option 5",true,"Research publications"
7005,"option 2",false,"Standards specifications"
7006,"option 2",true,"Standards overview"
7007,"option 5",true,"Research publications"
7008,"option 1",false,"Standards specifications"
7009,"option 1",true,"Research publications"
7010,"option 2",true,"Research publications"
7011,"option 2",true,"Research overview"
7012,"option 2",false,"Standards specifications"
7013,"option 3",false,"Research overview"
7014,"option 2",true,"Research overview"
7015,"option 5",true,"Research publications"
7016,"option 3",true,"Research publications"
7017,"option 2",true,"Research publications"
7018,"option 1",true,"Research publications"
7019,"option 1",true,"Research publications"
7020,"option 3",true,"Research overview"
7021,"option 2",true,"Research overview"
7022,"option 4",false,"Standards specifications"
7023,"option 1",true,"Research overview"
7024,"option 1",false,"Standards specifications"
7025,"option 2",true,"Research publications"
7026,"option 4",false,"Research overview"
7027,"option 2",true,"Standards specifications"
7028,"option 4",false,"Standards specifications"
7029,"option 4",true,"Standards overview"
7030,"option 2",true,"Research publications"
7031,"option 1",true,"Research overview"
7032,"option 1",true,"Research publications"
7033,"option 2",false,"Standards specifications"
7034,"option 3",true,"Research publications"
7035,"option 4",false,"Standards specifications"
7036,"option 5",true,"Research publications"
7037,"option 1",false,"Research publications"
7038,"option 3",true,"Standards specifications"
7039,"option 5",true,"Research overview"
7040,"option 3",true,"Research overview"
7041,"option 5",true,"Research overview"
7042,"option 5",true,"Research overview"
7043,"option 1",true,"Standards specifications"
7044,"option 1",true,"Lexicon"
7045,"option 4",true,"Standards specifications"
7046,"option 2",true,"Research publications"
7047,"option 1",false,"Research publications"
7048,"option 3",true,"Research publications"
7049,"option 4",true,"Lexicon"
7050,"option 1",true,"Research overview"
7051,"option 3",true,"Research overview"
7052,"option 2",true,"Standards overview"
7053,"option 4",true,"Research publications"
7054,"option 3",true,"Research overview"
7055,"option 4",true,"Research overview"
7056,"option 5",true,"Standards overview"
7057,"option 4",true,"Standards specifications"
7058,"option 4",true,"Research publications"
7059,"option 4",true,"Research overview"
7060,"option 4",true,"Research publications"
7061,"option 2",true,"Research publications"
7062,"option 3",false,"Research publications"
7063,"option 2",true,"Standards specifications"
7064,"option 3",true,"Research publications"
7065,"option 2",false,"Research overview"
7066,"option 2",true,"Research publications"
7067,"option 3",true,"Research publications"
7068,"option 4",true,"Research publications"
7069,"option 4",true,"Research publications"
7070,"option 3",false,"Standards overview"
7071,"option 1",true,"Standards specifications"
7072,"option 1",true,"Research publications"
7073,"option 2",false,"Research overview"
7074,"option 3",true,"Research publications"
7075,"option 3",false,"Standards specifications"
7076,"option 3",true,"Research publications"
7077,"option 2",false,"Standards specifications"
7078,"option 2",true,"Research publications"
7079,"option 5",false,"Research overview"
7080,"option 4",true,"Lexicon"
7081,"option 4",true,"Research publications"
7082,"option 2",false,"Research overview"
7083,"option 4",false,"Research overview"
7084,"option 4",true,"Research publications"
7085,"option 5",true,"Standards specifications"
7086,"option 3",true,"Research publications"
7087,"option 1",false,"Research publications"
7088,"option 4",true,"Research overview"
7089,"option 1",true,"Research overview"
7090,"option 3",true,"Standards overview"
7091,"option 5",true,"Research publications"
7092,"option 5",true,"Research publications"
7093,"option 1",true,"Standards specifications"
7094,"option 3",true,"Standards specifications"
7095,"option 3",false,"Standards specifications"
7096,"option 5",true,"Standards specifications"
7097,"option 2",false,"Standards overview"
7098,"option 1",false,"Research overview"
7099,"option 1",true,"Research publications"
7100,"option 1",true,"Research overview"
7101,"option 4",false,"Research publications"
7102,"option 4",true,"Research publications"
7103,"option 2",true,"Research publications"
7104,"option 1",true,"Research publications"
7105,"option 1",true,"Research publications"
7106,"option 5",true,"Research overview"
7107,"option 3",true,"Research publications"
7108,"option 4",true,"Standards overview"
7109,"option 5",false,"Research publications"
7110,"option 2",false,"Research publications"
7111,"option 4",true,"Research publications"
7112,"option 2",true,"Research publications"
7113,"option 3",true,"Standards specifications"
7114,"option 1",true,"Research publications"
7115,"option 1",false,"Standards specifications"
7116,"option 2",true,"Standards specifications"
7117,"option 5",true,"Research overview"
7118,"option 4",true,"Research publications"
7119,"option 5",true,"Standards overview"
7120,"option 5",true,"Research publications"
7121,"option 1",false,"Research publications"
7122,"option 3",true,"Lexicon"
7123,"option 1",false,"Research overview"
7124,"option 3",true,"Research overview"
7125,"option 4",true,"Research publications"
7126,"option 4",true,"Research publications"
7127,"option 4",false,"Research publications"
7128,"option 1",false,"Research publications"
7129,"option 2",true,"Research publications"
7130,"option 3",true,"Research publications"
7131,"option 2",true,"Research publications"
7132,"option 1",true,"Research overview"
7133,"option 2",true,"Lexicon"
7134,"option 5",true,"Research publications"
7135,"option 2",true,"Research publications"
7136,"option 2",true,"Standards specifications"
7137,"option 4",true,"Research publications"
7138,"option 2",true,"Research overview"
7139,"option 4",true,"Research publications"
7140,"option 1",true,"Research publications"
7141,"option 1",true,"Standards overview"
7142,"option 2",true,"Research overview"
7143,"option 3",true,"Research publications"
7144,"option 1",true,"Research publications"
7145,"option 3",true,"Research publications"
7146,"option 4",true,"Research publications"
7147,"option 1",true,"Research overview"
7148,"option 2",false,"Standards overview"
7149,"option 1",false,"Research publications"
7150,"option 2",true,"Research publications"
7151,"option 4",true,"Research publications"
7152,"option 2",true,"Research publications"
7153,"option 3",false,"Research overview"
7154,"option 4",false,"Research overview"
7155,"option 2",false,"Research publications"
7156,"option 1",true,"Lexicon"
7157,"option 1",true,"Research overview"
7158,"option 1",true,"Research publications"
7159,"option 5",true,"Research publications"
7160,"option 4",false,"Standards specifications"
7161,"option 3",false,"Research publications"
7162,"option 4",true,"Research overview"
7163,"option 4",true,"Research overview"
7164,"option 1",false,"Standards specifications"
7165,"option 2",true,"Research publications"
7166,"option 3",false,"Standards specifications"
7167,"option 2",true,"Standards overview"
7168,"option 1",true,"Research publications"
7169,"option 5",true,"Lexicon"
7170,"option 3",true,"Research publications"
7171,"option 4",true,"Standards specifications"
7172,"option 1",false,"Research overview"
7173,"option 2",true,"Standards specifications"
7174,"option 1",false,"Research publications"
7175,"option 2",true,"Research publications"
7176,"option 1",true,"Lexicon"
7177,"option 1",true,"Research publications"
7178,"option 3",false,"Research overview"
7179,"option 2",false,"Research publications"
7180,"option 1",false,"Standards specifications"
7181,"option 1",false,"Research publications"
7182,"option 4",true,"Research overview"
7183,"option 5",false,"Research publications"
7184,"option 1",false,"Research overview"
7185,"option 2",false,"Standards specifications"
7186,"option 1",false,"Research publications"
7187,"option 5",true,"Standards overview"
7188,"option 2",true,"Standards specifications"
7189,"option 3",true,"Research publications"
7190,"option 3",true,"Research publications"
7191,"option 3",true,"Research publications"
7192,"option 2",true,"Research publications"
7193,"option 5",true,"Research publications"
7194,"option 2",false,"Standards specifications"
7195,"option 1",true,"Research overview"
7196,"option 2",false,"Research publications"
7197,"option 3",true,"Research publications"
7198,"option 3",false,"Research overview"
7199,"option 2",false,"Standards specifications"
7200,"option 1",true,"Research overview"
7201,"option 1",true,"Research publications"
7202,"option 4",false,"Research publications"
7203,"option 5",true,"Standards specifications"
7204,"option 2",true,"Research publications"
7205,"option 1",true,"Research overview"
7206,"option 4",false,"Research publications"
7207,"option 3",true,"Standards overview"
7208,"option 1",true,"Lexicon"
7209,"option 1",true,"Standards overview"
7210,"option 3",false,"Standards overview"
7211,"option 2",true,"Research publications"
7212,"option 3",true,"Research overview"
7213,"option 1",true,"Lexicon"
7214,"option 4",false,"Research publications"
7215,"option 3",true,"Research publications"
7216,"option 2",true,"Research publications"
7217,"option 2",false,"Research publications"
7218,"option 2",false,"Research publications"
7219,"option 2",true,"Research overview"
7220,"option 3",true,"Research publications"
7221,"option 1",true,"Research publications"
7222,"option 2",false,"Standards overview"
7223,"option 2",true,"Research publications"
7224,"option 2",false,"Research overview"
7225,"option 3",true,"Standards specifications"
7226,"option 2",true,"Research publications"
7227,"option 3",true,"Research overview"
7228,"option 1",false,"Research publications"
7229,"option 1",true,"Research publications"
7230,"option 2",true,"Research publications"
7231,"option 3",true,"Standards overview"
7232,"option 2",false,"Research overview"
7233,"option 4",false,"Research overview"
7234,"option 4",true,"Research publications"
7235,"option 5",true,"Standards overview"
7236,"option 2",false,"Research publications"
7237,"option 5",true,"Standards overview"
7238,"option 2",true,"Research publications"
7239,"option 1",false,"Research publications"
7240,"option 4",true,"Research publications"
7241,"option 1",true,"Lexicon"
7242,"option 1",false,"Standards specifications"
7243,"option 2",false,"Research publications"
7244,"option 3",true,"Standards overview"
7245,"option 3",true,"Research publications"
7246,"option 2",true,"Research publications"
7247,"option 4",true,"Research publications"
7248,"option 4",true,"Research publications"
7249,"option 4",true,"Research publications"
7250,"option 1",true,"Research publications"
7251,"option 2",true,"Research publications"
7252,"option 4",false,"Standards specifications"
7253,"option 1",true,"Research publications"
7254,"option 1",true,"Research publications"
7255,"option 3",false,"Standards specifications"
7256,"option 5",true,"Research publications"
7257,"option 1",false,"Research overview"
7258,"option 4",true,"Research publications"
7259,"option 3",true,"Standards overview"
7260,"option 1",true,"Research publications"
7261,"option 3",false,"Standards overview"
7262,"option 2",true,"Research publications"
7263,"option 3",true,"Research publications"
7264,"option 1",true,"Research overview"
7265,"option 3",false,"Standards specifications"
7266,"option 2",true,"Standards specifications"
7267,"option 2",false,"Standards specifications"
7268,"option 5",true,"Standards overview"
7269,"option 4",true,"Research overview"
7270,"option 3",true,"Research publications"
7271,"option 5",false,"Research publications"
7272,"option 1",false,"Research publications"
7273,"option 3",true,"Research overview"
7274,"option 3",true,"Standards specifications"
7275,"option 2",true,"Standards specifications"
7276,"option 4",true,"Research publications"
7277,"option 4",true,"Research publications"
7278,"option 1",false,"Standards overview"
7279,"option 2",true,"Research overview"
7280,"option 3",true,"Lexicon"
7281,"option 2",true,"Research overview"
7282,"option 5",true,"Standards overview"
7283,"option 2",false,"Research publications"
7284,"option 2",true,"Research overview"
7285,"option 2",true,"Research publications"
7286,"option 4",true,"Research publications"
7287,"option 3",true,"Research publications"
7288,"option 4",false,"Standards specifications"
7289,"option 4",true,"Standards specifications"
7290,"option 2",true,"Research publications"
7291,"option 1",true,"Standards specifications"
7292,"option 3",true,"Standards overview"
7293,"option 5",true,"Standards overview"
7294,"option 1",true,"Research overview"
7295,"option 1",true,"Standards specifications"
7296,"option 4",false,"Standards specifications"
7297,"option 1",true,"Research overview"
7298,"option 5",false,"Research overview"
7299,"option 2",false,"Lexicon"
7300,"option 3",true,"Research publications"
7301,"option 3",true,"Standards specifications"
7302,"option 4",false,"Research publications"
7303,"option 1",true,"Research publications"
7304,"option 4",true,"Research publications"
7305,"option 2",false,"Research overview"
7306,"option 4",true,"Research overview"
7307,"option 1",false,"Standards specifications"
7308,"option 4",true,"Research publications"
7309,"option 4",false,"Research publications"
7310,"option 5",false,"Standards specifications"
7311,"option 2",false,"Standards overview"
7312,"option 2",true,"Research overview"
7313,"option 5",true,"Lexicon"
7314,"option 3",false,"Research publications"
7315,"option 1",false,"Standards specifications"
7316,"option 2",true,"Research publications"
7317,"option 1",true,"Standards overview"
7318,"option 2",true,"Research overview"
7319,"option 2",true,"Research overview"
7320,"option 5",false,"Research publications"
7321,"option 2",false,"Research publications"
7322,"option 4",true,"Research publications"
7323,"option 5",false,"Research overview"
7324,"option 5",true,"Research publications"
7325,"option 1",false,"Research publications"
7326,"option 2",true,"Standards overview"
7327,"option 3",false,"Research publications"
7328,"option 5",true,"Lexicon"
7329,"option 1",false,"Research overview"
7330,"option 3",false,"Standards specifications"
7331,"option 1",true,"Research publications"
7332,"option 5",true,"Lexicon"
7333,"option 1",true,"Standards specifications"
7334,"option 1",true,"Research publications"
7335,"option 3",false,"Standards specifications"
7336,"option 2",false,"Standards overview"
7337,"option 3",false,"Standards specifications"
7338,"option 3",true,"Research publications"
7339,"option 1",true,"Standards specifications"
7340,"option 4",true,"Standards specifications"
7341,"option 5",true,"Research publications"
7342,"option 4",true,"Standards specifications"
7343,"option 3",true,"Standards specifications"
7344,"option 3",true,"Standards overview"
7345,"option 1",true,"Research overview"
7346,"option 1",true,"Standards overview"
7347,"option 4",false,"Research publications"
7348,"option 1",true,"Research publications"
7349,"option 1",true,"Standards overview"
7350,"option 3",true,"Research publications"
7351,"option 1",false,"Research publications"
7352,"option 3",false,"Research overview"
7353,"option 4",true,"Lexicon"
7354,"option 4",true,"Standards overview"
7355,"option 4",false,"Research publications"
7356,"option 2",true,"Research overview"
7357,"option 1",false,"Research overview"
7358,"option 1",true,"Research publications"
7359,"option 3",true,"Research publications"
7360,"option 4",false,"Standards overview"
7361,"option 1",true,"Lexicon"
7362,"option 5",true,"Research publications"
7363,"option 3",true,"Research overview"
7364,"option 5",true,"Research publications"
7365,"option 3",true,"Standards specifications"
7366,"option 3",true,"Research publications"
7367,"option 2",true,"Standards specifications"
7368,"option 1",false,"Research publications"
7369,"option 1",true,"Research publications"
7370,"option 3",true,"Standards specifications"
7371,"option 1",true,"Research publications"
7372,"option 3",true,"Research overview"
7373,"option 2",true,"Research publications"
7374,"option 4",false,"Research overview"
7375,"option 4",true,"Research overview"
7376,"option 4",true,"Standards specifications"
7377,"option 2",true,"Research publications"
7378,"option 1",true,"Standards specifications"
7379,"option 1",true,"Standards specifications"
7380,"option 1",true,"Standards overview"
7381,"option 1",true,"Standards overview"
7382,"option 4",true,"Lexicon"
7383,"option 2",true,"Standards specifications"
7384,"option 1",true,"Research publications"
7385,"option 1",true,"Standards specifications"
7386,"option 3",true,"Research overview"
7387,"option 4",false,"Research publications"
7388,"option 5",true,"Research publications"
7389,"option 4",false,"Standards specifications"
7390,"option 2",true,"Research publications"
7391,"option 4",false,"Standards overview"
7392,"option 5",true,"Standards specifications"
7393,"option 4",false,"Research overview"
7394,"option 4",true,"Research publications"
7395,"option 2",true,"Research publications"
7396,"option 1",false,"Research overview"
7397,"option 3",true,"Standards specifications"
7398,"option 1",true,"Research overview"
7399,"option 2",true,"Standards specifications"
7400,"option 5",true,"Research overview"
7401,"option 1",true,"Standards overview"
7402,"option 2",false,"Research overview"
7403,"option 3",false,"Research publications"
7404,"option 4",true,"Research publications"
7405,"option 1",true,"Research publications"
7406,"option 1",true,"Research publications"
7407,"option 1",false,"Research publications"
7408,"option 1",false,"Standards specifications"
7409,"option 4",false,"Standards overview"
7410,"option 1",true,"Standards overview"
7411,"option 1",false,"Standards specifications"
7412,"option 1",false,"Research overview"
7413,"option 1",true,"Research overview"
7414,"option 4",true,"Standards overview"
7415,"option 1",false,"Standards specifications"
7416,"option 4",true,"Standards overview"
7417,"option 1",true,"Research publications"
7418,"option 1",true,"Standards overview"
7419,"option 2",true,"Research publications"
7420,"option 3",true,"Standards specifications"
7421,"option 1",true,"Standards overview"
7422,"option 2",true,"Research overview"
7423,"option 3",true,"Research publications"
7424,"option 4",true,"Research publications"
7425,"option 1",false,"Standards specifications"
7426,"option 3",true,"Research publications"
7427,"option 1",false,"Research publications"
7428,"option 2",false,"Standards specifications"
7429,"option 2",false,"Standards overview"
7430,"option 5",true,"Lexicon"
7431,"option 3",true,"Lexicon"
7432,"option 2",true,"Standards specifications"
7433,"option 2",true,"Research publications"
7434,"option 5",false,"Research overview"
7435,"option 1",false,"Standards specifications"
7436,"option 3",true,"Research publications"
7437,"option 2",true,"Research publications"
7438,"option 4",true,"Research overview"
7439,"option 2",true,"Standards specifications"
7440,"option 3",true,"Standards specifications"
7441,"option 4",false,"Standards overview"
7442,"option 4",false,"Research publications"
7443,"option 1",false,"Research publications"
7444,"option 2",false,"Research publications"
7445,"option 3",true,"Standards overview"
7446,"option 2",false,"Standards specifications"
7447,"option 4",false,"Research publications"
7448,"option 4",true,"Standards overview"
7449,"option 5",true,"Standards overview"
7450,"option 1",false,"Research publications"
7451,"option 1",true,"Research publications"
7452,"option 2",true,"Standards overview"
7453,"option 4",false,"Standards specifications"
7454,"option 1",false,"Research overview"
7455,"option 5",true,"Research publications"
7456,"option 4",false,"Research publications"
7457,"option 3",true,"Research overview"
7458,"option 3",true,"Research publications"
7459,"option 4",true,"Research publications"
7460,"option 4",true,"Research overview"
7461,"option 4",true,"Research overview"
7462,"option 5",true,"Research overview"
7463,"option 5",false,"Standards specifications"
7464,"option 1",true,"Standards overview"
7465,"option 2",false,"Research overview"
7466,"option 2",true,"Research publications"
7467,"option 5",true,"Research overview"
7468,"option 1",false,"Research overview"
7469,"option 4",false,"Research publications"
7470,"option 3",true,"Standards specifications"
7471,"option 3",false,"Standards overview"
7472,"option 4",true,"Research publications"
7473,"option 1",true,"Research overview"
7474,"option 4",true,"Research overview"
7475,"option 1",true,"Standards specifications"
7476,"option 1",false,"Standards specifications"
7477,"option 5",true,"Standards specifications"
7478,"option 3",true,"Standards specifications"
7479,"option 5",true,"Standards overview"
7480,"option 1",false,"Research publications"
7481,"option 2",true,"Standards overview"
7482,"option 1",false,"Standards specifications"
7483,"option 1",false,"Research publications"
7484,"option 3",true,"Research publications"
7485,"option 1",true,"Research publications"
7486,"option 4",true,"Research publications"
7487,"option 4",true,"Standards specifications"
7488,"option 1",true,"Standards overview"
7489,"option 2",true,"Research publications"
7490,"option 1",false,"Research publications"
7491,"option 3",true,"Research publications"
7492,"option 3",true,"Research publications"
7493,"option 2",false,"Standards specifications"
7494,"option 3",true,"Research publications"
7495,"option 1",true,"Research overview"
7496,"option 3",true,"Research publications"
7497,"option 3",true,"Standards specifications"
7498,"option 3",false,"Research publications"
7499,"option 1",false,"Research publications"
7500,"option 1",false,"Research publications"
7501,"option 4",false,"Research publications"
7502,"option 1",false,"Standards specifications"
7503,"option 3",false,"Standards overview"
7504,"option 1",true,"Standards specifications"
7505,"option 3",false,"Standards specifications"
7506,"option 1",true,"Standards specifications"
7507,"option 2",true,"Research publications"
7508,"option 3",true,"Research overview"
7509,"option 2",false,"Standards specifications"
7510,"option 3",false,"Research publications"
7511,"option 2",true,"Standards specifications"
7512,"option 4",true,"Research publications"
7513,"option 4",true,"Research publications"
7514,"option 3",true,"Research publications"
7515,"option 4",true,"Standards specifications"
7516,"option 2",true,"Research overview"
7517,"option 3",true,"Standards specifications"
7518,"option 1",true,"Standards specifications"
7519,"option 1",false,"Research publications"
7520,"option 5",true,"Standards specifications"
7521,"option 2",true,"Research publications"
7522,"option 1",true,"Research publications"
7523,"option 2",true,"Research publications"
7524,"option 4",true,"Research publications"
7525,"option 3",true,"Research publications"
7526,"option 4",true,"Research publications"
7527,"option 3",true,"Research overview"
7528,"option 1",true,"Standards overview"
7529,"option 5",false,"Research publications"
7530,"option 1",true,"Lexicon"
7531,"option 4",true,"Research publications"
7532,"option 4",true,"Research publications"
7533,"option 5",true,"Standards specifications"
7534,"option 4",true,"Standards specifications"
7535,"option 4",true,"Research publications"
7536,"option 4",true,"Lexicon"
7537,"option 2",true,"Research publications"
7538,"option 4",true,"Research overview"
7539,"option 3",false,"Standards overview"
7540,"option 3",true,"Research publications"
7541,"option 3",true,"Research overview"
7542,"option 4",false,"Standards overview"
7543,"option 1",false,"Research publications"
7544,"option 4",true,"Research publications"
7545,"option 3",true,"Research publications"
7546,"option 2",false,"Standards specifications"
7547,"option 3",true,"Research publications"
7548,"option 2",true,"Research publications"
7549,"option 4",true,"Standards specifications"
7550,"option 1",true,"Research overview"
7551,"option 3",true,"Research publications"
7552,"option 2",true,"Standards overview"
7553,"option 2",true,"Research publications"
7554,"option 4",true,"Research overview"
7555,"option 1",true,"Research publications"
7556,"option 5",false,"Research publications"
7557,"option 1",true,"Research publications"
7558,"option 2",true,"Research publications"
7559,"option 3",true,"Research overview"
7560,"option 1",true,"Research overview"
7561,"option 1",false,"Standards specifications"
7562,"option 2",true,"Research overview"
7563,"option 4",true,"Research publications"
7564,"option 1",false,"Research publications"
7565,"option 2",true,"Research publications"
7566,"option 1",false,"Research publications"
7567,"option 4",true,"Research overview"
7568,"option 1",true,"Standards specifications"
7569,"option 4",false,"Standards overview"
7570,"option 1",false,"Research publications"
7571,"option 1",true,"Research publications"
7572,"option 1",true,"Research publications"
7573,"option 4",true,"Research publications"
7574,"option 1",true,"Research publications"
7575,"option 1",false,"Research publications"
7576,"option 4",true,"Standards overview"
7577,"option 3",true,"Standards specifications"
7578,"option 2",true,"Research publications"
7579,"option 4",false,"Standards specifications"
7580,"option 1",false,"Lexicon"
7581,"option 5",true,"Research publications"
7582,"option 1",false,"Research overview"
7583,"option 3",false,"Standards specifications"
7584,"option 3",false,"Research publications"
7585,"option 1",true,"Standards specifications"
7586,"option 3",true,"Research publications"
7587,"option 4",false,"Standards specifications"
7588,"option 4",true,"Research publications"
7589,"option 4",true,"Research overview"
7590,"option 1",false,"Research overview"
7591,"option 3",true,"Standards specifications"
7592,"option 1",false,"Research overview"
7593,"option 3",true,"Research publications"
7594,"option 2",true,"Research publications"
7595,"option 1",false,"Standards overview"
7596,"option 2",false,"Standards specifications"
7597,"option 1",false,"Research overview"
7598,"option 4",true,"Research publications"
7599,"option 5",true,"Research overview"
7600,"option 1",true,"Research publications"
7601,"option 4",true,"Standards specifications"
7602,"option 4",true,"Research publications"
7603,"option 1",true,"Research publications"
7604,"option 1",true,"Research publications"
7605,"option 3",false,"Standards specifications"
7606,"option 1",false,"Standards overview"
7607,"option 2",true,"Standards specifications"
7608,"option 5",false,"Standards specifications"
7609,"option 2",false,"Research overview"
7610,"option 3",true,"Research publications"
7611,"option 2",true,"Research publications"
7612,"option 3",true,"Standards overview"
7613,"option 2",true,"Research publications"
7614,"option 2",true,"Standards specifications"
7615,"option 2",true,"Standards overview"
7616,"option 4",true,"Research publications"
7617,"option 1",true,"Standards overview"
7618,"option 4",true,"Research publications"
7619,"option 2",true,"Standards specifications"
7620,"option 3",true,"Research publications"
7621,"option 2",true,"Research overview"
7622,"option 5",true,"Standards specifications"
7623,"option 3",false,"Research publications"
7624,"option 1",true,"Research publications"
7625,"option 3",false,"Research publications"
7626,"option 4",true,"Research publications"
7627,"option 5",true,"Research publications"
7628,"option 2",true,"Research overview"
7629,"option 1",false,"Standards specifications"
7630,"option 1",true,"Research publications"
7631,"option 1",false,"Standards specifications"
7632,"option 4",true,"Research publications"
7633,"option 4",true,"Research overview"
7634,"option 2",true,"Research publications"
7635,"option 1",false,"Standards overview"
7636,"option 3",false,"Standards specifications"
7637,"option 4",true,"Research publications"
7638,"option 3",true,"Research overview"
7639,"option 1",false,"Lexicon"
7640,"option 2",true,"Standards specifications"
7641,"option 3",true,"Standards overview"
7642,"option 1",false,"Research publications"
7643,"option 2",true,"Research publications"
7644,"option 5",true,"Research overview"
7645,"option 2",false,"Research overview"
7646,"option 1",true,"Research publications"
7647,"option 1",true,"Research publications"
7648,"option 4",true,"Research publications"
7649,"option 4",true,"Research publications"
7650,"option 1",true,"Standards overview"
7651,"option 1",false,"Research overview"
7652,"option 3",false,"Research overview"
7653,"option 3",true,"Lexicon"
7654,"option 5",true,"Standards overview"
7655,"option 2",true,"Research publications"
7656,"option 2",true,"Research publications"
7657,"option 2",true,"Standards specifications"
7658,"option 1",false,"Standards specifications"
7659,"option 1",true,"Lexicon"
7660,"option 3",false,"Research publications"
7661,"option 1",true,"Research publications"
7662,"option 5",false,"Standards specifications"
7663,"option 3",true,"Research publications"
7664,"option 3",true,"Research publications"
7665,"option 2",false,"Research overview"
7666,"option 1",true,"Research publications"
7667,"option 1",true,"Standards specifications"
7668,"option 5",false,"Research publications"
7669,"option 2",false,"Research publications"
7670,"option 3",true,"Research overview"
7671,"option 1",false,"Research publications"
7672,"option 4",true,"Research publications"
7673,"option 2",true,"Research publications"
7674,"option 1",false,"Research publications"
7675,"option 3",false,"Lexicon"
7676,"option 2",true,"Research overview"
7677,"option 3",false,"Standards specifications"
7678,"option 2",true,"Research publications"
7679,"option 1",true,"Research publications"
7680,"option 1",false,"Standards specifications"
7681,"option 4",true,"Standards specifications"
7682,"option 1",true,"Research publications"
7683,"option 3",true,"Research publications"
7684,"option 5",true,"Research publications"
7685,"option 1",true,"Lexicon"
7686,"option 5",true,"Research publications"
7687,"option 1",true,"Research publications"
7688,"option 2",true,"Research publications"
7689,"option 3",false,"Research publications"
7690,"option 3",false,"Standards specifications"
7691,"option 1",false,"Standards specifications"
7692,"option 1",true,"Research publications"
7693,"option 3",true,"Research overview"
7694,"option 5",false,"Research publications"
7695,"option 2",true,"Research publications"
7696,"option 1",true,"Research publications"
7697,"option 3",true,"Research overview"
7698,"option 4",true,"Standards overview"
7699,"option 1",true,"Standards specifications"
7700,"option 4",true,"Research overview"
7701,"option 2",true,"Research publications"
7702,"option 4",true,"Research overview"
7703,"option 2",true,"Standards specifications"
7704,"option 1",true,"Research publications"
7705,"option 3",true,"Lexicon"
7706,"option 4",true,"Research publications"
7707,"option 1",true,"Standards specifications"
7708,"option 3",true,"Research publications"
7709,"option 2",false,"Standards specifications"
7710,"option 2",true,"Research publications"
7711,"option 3",true,"Standards specifications"
7712,"option 1",false,"Standards specifications"
7713,"option 4",false,"Lexicon"
7714,"option 1",false,"Standards specifications"
7715,"option 2",false,"Research publications"
7716,"option 5",true,"Research publications"
7717,"option 4",false,"Research overview"
7718,"option 2",true,"Lexicon"
7719,"option 3",true,"Research overview"
7720,"option 4",true,"Research publications"
7721,"option 2",false,"Standards specifications"
7722,"option 3",false,"Research publications"
7723,"option 2",true,"Research publications"
7724,"option 1",true,"Research publications"
7725,"option 1",true,"Research publications"
7726,"option 3",false,"Lexicon"
7727,"option 3",true,"Standards overview"
7728,"option 5",true,"Research publications"
7729,"option 5",true,"Research publications"
7730,"option 2",true,"Research overview"
7731,"option 2",true,"Research overview"
7732,"option 3",true,"Research publications"
7733,"option 4",true,"Research publications"
7734,"option 3",false,"Research publications"
7735,"option 1",false,"Research publications"
7736,"option 3",false,"Research overview"
7737,"option 2",false,"Research overview"
7738,"option 4",true,"Research publications"
7739,"option 1",true,"Standards overview"
7740,"option 1",true,"Standards specifications"
7741,"option 1",false,"Research publications"
7742,"option 3",false,"Standards specifications"
7743,"option 2",true,"Lexicon"
7744,"option 5",false,"Lexicon"
7745,"option 1",true,"Research overview"
7746,"option 5",true,"Research overview"
7747,"option 3",true,"Standards overview"
7748,"option 4",true,"Research publications"
7749,"option 4",true,"Research publications"
7750,"option 3",false,"Research publications"
7751,"option 3",false,"Research publications"
7752,"option 1",false,"Research overview"
7753,"option 1",true,"Standards specifications"
7754,"option 2",true,"Research publications"
7755,"option 4",true,"Research publications"
7756,"option 3",true,"Standards specifications"
7757,"option 4",false,"Research overview"
7758,"option 1",true,"Research publications"
7759,"option 2",true,"Research publications"
7760,"option 3",true,"Research publications"
7761,"option 2",false,"Research publications"
7762,"option 3",false,"Standards specifications"
7763,"option 2",false,"Research overview"
7764,"option 4",true,"Standards overview"
7765,"option 1",true,"Research publications"
7766,"option 1",true,"Research publications"
7767,"option 1",false,"Standards specifications"
7768,"option 4",true,"Research publications"
7769,"option 2",false,"Standards specifications"
7770,"option 4",true,"Research publications"
7771,"option 3",false,"Research publications"
7772,"option 1",false,"Lexicon"
7773,"option 4",true,"Standards specifications"
7774,"option 5",false,"Research publications"
7775,"option 2",true,"Standards specifications"
7776,"option 3",false,"Research publications"
7777,"option 2",false,"Research overview"
7778,"option 3",true,"Research overview"
7779,"option 1",true,"Research overview"
7780,"option 1",true,"Standards overview"
7781,"option 3",true,"Lexicon"
7782,"option 3",true,"Standards specifications"
7783,"option 1",true,"Research publications"
7784,"option 2",false,"Standards overview"
7785,"option 2",true,"Standards specifications"
7786,"option 5",true,"Research publications"
7787,"option 4",true,"Standards specifications"
7788,"option 5",false,"Standards overview"
7789,"option 5",true,"Research publications"
7790,"option 4",true,"Research publications"
7791,"option 4",false,"Standards specifications"
7792,"option 1",false,"Standards overview"
7793,"option 4",false,"Standards overview"
7794,"option 1",false,"Research publications"
7795,"option 5",false,"Research publications"
7796,"option 4",false,"Research overview"
7797,"option 4",true,"Standards overview"
7798,"option 3",true,"Standards overview"
7799,"option 1",false,"Research publications"
7800,"option 1",true,"Research publications"
7801,"option 1",true,"Research publications"
7802,"option 5",false,"Standards specifications"
7803,"option 2",true,"Standards specifications"
7804,"option 2",true,"Standards specifications"
7805,"option 3",true,"Standards overview"
7806,"option 4",false,"Research overview"
7807,"option 3",true,"Research overview"
7808,"option 1",true,"Research overview"
7809,"option 3",true,"Research publications"
7810,"option 3",false,"Standards specifications"
7811,"option 4",true,"Research publications"
7812,"option 3",true,"Research publications"
7813,"option 2",false,"Standards specifications"
7814,"option 1",true,"Research publications"
7815,"option 5",true,"Standards overview"
7816,"option 3",false,"Standards overview"
7817,"option 3",true,"Research overview"
7818,"option 3",true,"Research publications"
7819,"option 1",true,"Research publications"
7820,"option 4",true,"Research publications"
7821,"option 5",true,"Research publications"
7822,"option 1",true,"Standards overview"
7823,"option 1",false,"Research overview"
7824,"option 5",true,"Research publications"
7825,"option 4",true,"Research overview"
7826,"option 5",true,"Research publications"
7827,"option 2",false,"Standards specifications"
7828,"option 1",false,"Standards specifications"
7829,"option 2",true,"Standards specifications"
7830,"option 4",true,"Standards specifications"
7831,"option 2",true,"Research overview"
7832,"option 3",false,"Standards overview"
7833,"option 4",true,"Research overview"
7834,"option 3",true,"Research overview"
7835,"option 3",false,"Research overview"
7836,"option 3",true,"Research overview"
7837,"option 3",true,"Standards overview"
7838,"option 1",true,"Research publications"
7839,"option 1",false,"Standards specifications"
7840,"option 3",true,"Lexicon"
7841,"option 4",true,"Research publications"
7842,"option 5",true,"Research publications"
7843,"option 1",false,"Research publications"
7844,"option 5",true,"Research publications"
7845,"option 5",false,"Research overview"
7846,"option 4",true,"Research publications"
7847,"option 4",false,"Research publications"
7848,"option 2",true,"Lexicon"
7849,"option 2",false,"Research publications"
7850,"option 4",true,"Research publications"
7851,"option 3",true,"Research overview"
7852,"option 4",true,"Research publications"
7853,"option 1",false,"Standards specifications"
7854,"option 1",true,"Research publications"
7855,"option 1",false,"Research publications"
7856,"option 3",false,"Research publications"
7857,"option 2",true,"Research publications"
7858,"option 4",false,"Research publications"
7859,"option 5",true,"Research publications"
7860,"option 2",true,"Research publications"
7861,"option 2",true,"Standards specifications"
7862,"option 3",false,"Standards specifications"
7863,"option 1",false,"Research publications"
7864,"option 4",true,"Research overview"
7865,"option 4",true,"Research overview"
7866,"option 3",false,"Standards specifications"
7867,"option 4",true,"Lexicon"
7868,"option 4",true,"Standards specifications"
7869,"option 1",true,"Standards overview"
7870,"option 4",true,"Research publications"
7871,"option 2",true,"Standards overview"
7872,"option 1",true,"Research publications"
7873,"option 3",true,"Standards specifications"
7874,"option 4",false,"Research publications"
7875,"option 1",true,"Standards specifications"
7876,"option 2",true,"Research overview"
7877,"option 5",true,"Standards specifications"
7878,"option 3",false,"Standards specifications"
7879,"option 1",false,"Research publications"
7880,"option 5",false,"Research publications"
7881,"option 3",false,"Standards specifications"
7882,"option 3",true,"Research publications"
7883,"option 1",false,"Research publications"
7884,"option 4",false,"Standards specifications"
7885,"option 1",true,"Lexicon"
7886,"option 4",false,"Research publications"
7887,"option 1",true,"Research publications"
7888,"option 2",true,"Research overview"
7889,"option 1",false,"Research publications"
7890,"option 2",true,"Research publications"
7891,"option 2",false,"Standards overview"
7892,"option 1",false,"Research publications"
7893,"option 4",true,"Lexicon"
7894,"option 4",true,"Research publications"
7895,"option 1",false,"Research publications"
7896,"option 4",true,"Research publications"
7897,"option 4",true,"Research overview"
7898,"option 1",true,"Research publications"
7899,"option 2",true,"Research publications"
7900,"option 3",false,"Research publications"
7901,"option 3",true,"Lexicon"
7902,"option 3",true,"Research overview"
7903,"option 2",false,"Research publications"
7904,"option 1",true,"Research publications"
7905,"option 1",false,"Standards specifications"
7906,"option 3",true,"Research publications"
7907,"option 1",false,"Research publications"
7908,"option 5",true,"Research publications"
7909,"option 4",false,"Research publications"
7910,"option 4",true,"Research publications"
7911,"option 1",true,"Lexicon"
7912,"option 4",true,"Research publications"
7913,"option 4",false,"Standards overview"
7914,"option 1",true,"Standards overview"
7915,"option 2",true,"Research publications"
7916,"option 2",false,"Research overview"
7917,"option 4",true,"Research overview"
7918,"option 1",true,"Lexicon"
7919,"option 2",true,"Lexicon"
7920,"option 4",true,"Standards specifications"
7921,"option 3",true,"Standards overview"
7922,"option 5",false,"Standards overview"
7923,"option 2",true,"Standards specifications"
7924,"option 1",false,"Research publications"
7925,"option 4",true,"Standards specifications"
7926,"option 2",true,"Standards specifications"
7927,"option 3",true,"Lexicon"
7928,"option 4",true,"Research overview"
7929,"option 1",false,"Standards specifications"
7930,"option 1",false,"Research publications"
7931,"option 2",true,"Standards overview"
7932,"option 4",true,"Research publications"
7933,"option 3",true,"Research publications"
7934,"option 2",true,"Research publications"
7935,"option 4",true,"Standards specifications"
7936,"option 3",false,"Research overview"
7937,"option 3",true,"Research publications"
7938,"option 5",true,"Research publications"
7939,"option 1",false,"Standards specifications"
7940,"option 4",true,"Lexicon"
7941,"option 3",true,"Research publications"
7942,"option 2",false,"Research publications"
7943,"option 2",true,"Standards overview"
7944,"option 3",true,"Standards specifications"
7945,"option 4",true,"Standards overview"
7946,"option 4",true,"Research publications"
7947,"option 3",false,"Research publications"
7948,"option 5",true,"Standards overview"
7949,"option 4",true,"Research publications"
7950,"option 1",true,"Research publications"
7951,"option 4",true,"Research publications"
7952,"option 3",true,"Standards overview"
7953,"option 1",true,"Research publications"
7954,"option 1",true,"Research publications"
7955,"option 1",true,"Research publications"
7956,"option 1",false,"Standards specifications"
7957,"option 3",false,"Research publications"
7958,"option 3",false,"Research publications"
7959,"option 5",false,"Lexicon"
7960,"option 1",true,"Standards overview"
7961,"option 2",true,"Lexicon"
7962,"option 3",true,"Standards specifications"
7963,"option 1",true,"Standards overview"
7964,"option 5",true,"Research publications"
7965,"option 2",true,"Research overview"
7966,"option 5",true,"Lexicon"
7967,"option 4",true,"Standards overview"
7968,"option 1",true,"Research publications"
7969,"option 4",true,"Research publications"
7970,"option 2",false,"Research publications"
7971,"option 1",false,"Research overview"
7972,"option 1",false,"Research publications"
7973,"option 1",true,"Research publications"
7974,"option 2",false,"Standards specifications"
7975,"option 1",false,"Standards specifications"
7976,"option 3",true,"Research publications"
7977,"option 5",true,"Research publications"
7978,"option 3",true,"Research overview"
7979,"option 4",true,"Research publications"
7980,"option 1",false,"Standards specifications"
7981,"option 5",false,"Standards overview"
7982,"option 2",true,"Standards overview"
7983,"option 5",true,"Research publications"
7984,"option 4",true,"Standards specifications"
7985,"option 1",true,"Standards overview"
7986,"option 1",true,"Research publications"
7987,"option 1",true,"Research overview"
7988,"option 5",true,"Research publications"
7989,"option 3",true,"Research publications"
7990,"option 2",true,"Research publications"
7991,"option 1",true,"Standards specifications"
7992,"option 4",true,"Research publications"
7993,"option 1",false,"Research publications"
7994,"option 2",true,"Research publications"
7995,"option 5",true,"Research overview"
7996,"option 4",true,"Research publications"
7997,"option 2",true,"Standards overview"
7998,"option 3",true,"Standards specifications"
7999,"option 4",true,"Standards specifications"
8000,"option 3",true,"Standards specifications"
8001,"option 5",true,"Research publications"
8002,"option 4",true,"Research overview"
8003,"option 2",false,"Standards specifications"
8004,"option 3",true,"Research publications"
8005,"option 1",true,"Research publications"
8006,"option 1",true,"Lexicon"
8007,"option 2",false,"Standards overview"
8008,"option 4",true,"Research publications"
8009,"option 1",true,"Research publications"
8010,"option 1",true,"Research publications"
8011,"option 5",true,"Research publications"
8012,"option 4",true,"Research publications"
8013,"option 1",false,"Lexicon"
8014,"option 2",true,"Research publications"
8015,"option 4",true,"Research publications"
8016,"option 3",true,"Standards specifications"
8017,"option 4",true,"Research publications"
8018,"option 4",true,"Research publications"
8019,"option 1",false,"Research overview"
8020,"option 2",true,"Research overview"
8021,"option 2",true,"Research publications"
8022,"option 2",true,"Lexicon"
8023,"option 4",true,"Research publications"
8024,"option 3",true,"Research publications"
8025,"option 2",false,"Research publications"
8026,"option 3",false,"Standards overview"
8027,"option 2",false,"Standards overview"
8028,"option 1",false,"Standards specifications"
8029,"option 5",true,"Research overview"
8030,"option 2",false,"Standards specifications"
8031,"option 3",true,"Lexicon"
8032,"option 5",true,"Research publications"
8033,"option 2",false,"Research publications"
8034,"option 2",false,"Research publications"
8035,"option 1",true,"Research overview"
8036,"option 2",false,"Standards specifications"
8037,"option 3",false,"Research publications"
8038,"option 2",true,"Research publications"
8039,"option 1",true,"Research overview"
8040,"option 2",true,"Research overview"
8041,"option 1",true,"Research publications"
8042,"option 4",true,"Research publications"
8043,"option 5",true,"Research overview"
8044,"option 1",false,"Research publications"
8045,"option 2",false,"Research publications"
8046,"option 2",true,"Lexicon"
8047,"option 5",true,"Research publications"
8048,"option 5",true,"Standards specifications"
8049,"option 1",true,"Research overview"
8050,"option 5",true,"Research publications"
8051,"option 3",false,"Research publications"
8052,"option 4",false,"Research overview"
8053,"option 3",true,"Research overview"
8054,"option 4",true,"Standards specifications"
8055,"option 2",true,"Research publications"
8056,"option 1",true,"Research publications"
8057,"option 2",false,"Research publications"
8058,"option 2",true,"Research publications"
8059,"option 1",true,"Research overview"
8060,"option 5",true,"Research publications"
8061,"option 4",true,"Research publications"
8062,"option 2",true,"Lexicon"
8063,"option 1",true,"Standards specifications"
8064,"option 3",false,"Standards specifications"
8065,"option 5",true,"Standards overview"
8066,"option 5",true,"Research overview"
8067,"option 3",true,"Research publications"
8068,"option 4",true,"Research publications"
8069,"option 1",true,"Research overview"
8070,"option 1",true,"Standards overview"
8071,"option 1",true,"Standards specifications"
8072,"option 2",true,"Standards overview"
8073,"option 2",true,"Standards specifications"
8074,"option 2",true,"Standards specifications"
8075,"option 2",false,"Research overview"
8076,"option 3",true,"Standards specifications"
8077,"option 4",false,"Standards specifications"
8078,"option 3",false,"Standards specifications"
8079,"option 4",true,"Research publications"
8080,"option 3",true,"Research overview"
8081,"option 4",false,"Research overview"
8082,"option 1",false,"Standards specifications"
8083,"option 3",true,"Research publications"
8084,"option 3",true,"Lexicon"
8085,"option 1",false,"Standards specifications"
8086,"option 2",false,"Standards overview"
8087,"option 1",false,"Research publications"
8088,"option 3",true,"Research overview"
8089,"option 1",true,"Research publications"
8090,"option 1",true,"Research overview"
8091,"option 4",true,"Research overview"
8092,"option 1",false,"Lexicon"
8093,"option 2",true,"Research publications"
8094,"option 3",false,"Research overview"
8095,"option 4",true,"Research overview"
8096,"option 1",true,"Standards specifications"
8097,"option 2",true,"Research overview"
8098,"option 2",true,"Lexicon"
8099,"option 1",false,"Research publications"
8100,"option 2",true,"Research overview"
8101,"option 1",false,"Standards overview"
8102,"option 1",true,"Research publications"
8103,"option 1",true,"Research publications"
8104,"option 1",false,"Research publications"
8105,"option 3",true,"Research overview"
8106,"option 2",false,"Research publications"
8107,"option 3",true,"Research publications"
8108,"option 3",true,"Standards specifications"
8109,"option 3",true,"Research publications"
8110,"option 2",false,"Standards specifications"
8111,"option 1",true,"Standards specifications"
8112,"option 1",true,"Research publications"
8113,"option 3",true,"Standards specifications"
8114,"option 2",false,"Standards overview"
8115,"option 2",false,"Research publications"
8116,"option 1",false,"Research publications"
8117,"option 2",false,"Standards specifications"
8118,"option 4",true,"Research publications"
8119,"option 3",false,"Research publications"
8120,"option 4",false,"Standards overview"
8121,"option 1",true,"Research overview"
8122,"option 1",true,"Research publications"
8123,"option 1",true,"Standards overview"
8124,"option 1",true,"Research overview"
8125,"option 1",false,"Research overview"
8126,"option 1",true,"Lexicon"
8127,"option 1",true,"Research publications"
8128,"option 3",true,"Research overview"
8129,"option 1",false,"Research publications"
8130,"option 1",false,"Research publications"
8131,"option 4",true,"Standards overview"
8132,"option 4",true,"Standards overview"
8133,"option 4",true,"Research publications"
8134,"option 3",true,"Research publications"
8135,"option 5",true,"Research publications"
8136,"option 2",false,"Standards specifications"
8137,"option 1",false,"Research overview"
8138,"option 2",false,"Standards specifications"
8139,"option 5",true,"Research publications"
8140,"option 3",true,"Research publications"
8141,"option 5",false,"Research overview"
8142,"option 3",true,"Research publications"
8143,"option 2",false,"Research overview"
8144,"option 4",true,"Research overview"
8145,"option 1",false,"Standards specifications"
8146,"option 1",false,"Research publications"
8147,"option 5",true,"Research publications"
8148,"option 4",true,"Research publications"
8149,"option 2",false,"Standards overview"
8150,"option 1",true,"Lexicon"
8151,"option 2",true,"Research publications"
8152,"option 1",true,"Research publications"
8153,"option 2",false,"Standards specifications"
8154,"option 4",true,"Standards specifications"
8155,"option 5",true,"Research overview"
8156,"option 3",true,"Standards specifications"
8157,"option 4",true,"Research publications"
8158,"option 4",true,"Lexicon"
8159,"option 5",true,"Research overview"
8160,"option 3",true,"Standards specifications"
8161,"option 1",true,"Research publications"
8162,"option 4",true,"Research overview"
8163,"option 4",true,"Research overview"
8164,"option 3",true,"Research publications"
8165,"option 4",true,"Standards specifications"
8166,"option 1",false,"Research overview"
8167,"option 5",true,"Research publications"
8168,"option 3",true,"Standards specifications"
8169,"option 5",true,"Research publications"
8170,"option 4",true,"Research publications"
8171,"option 2",true,"Standards overview"
8172,"option 1",true,"Research overview"
8173,"option 1",true,"Research publications"
8174,"option 1",true,"Research publications"
8175,"option 2",true,"Standards overview"
8176,"option 2",true,"Research overview"
8177,"option 2",false,"Research publications"
8178,"option 4",false,"Research publications"
8179,"option 3",false,"Research publications"
8180,"option 3",false,"Research publications"
8181,"option 4",false,"Research publications"
8182,"option 3",true,"Research publications"
8183,"option 2",true,"Research overview"
8184,"option 4",false,"Research publications"
8185,"option 5",true,"Research overview"
8186,"option 4",true,"Standards specifications"
8187,"option 4",true,"Research publications"
8188,"option 2",true,"Research publications"
8189,"option 3",true,"Research publications"
8190,"option 1",true,"Research publications"
8191,"option 4",true,"Research overview"
8192,"option 1",true,"Research publications"
8193,"option 3",false,"Standards overview"
8194,"option 3",true,"Research overview"
8195,"option 5",false,"Research publications"
8196,"option 2",true,"Research overview"
8197,"option 1",true,"Research overview"
8198,"option 1",true,"Research overview"
8199,"option 3",true,"Research publications"
8200,"option 4",true,"Standards specifications"
8201,"option 2",false,"Research publications"
8202,"option 1",false,"Standards specifications"
8203,"option 5",true,"Research overview"
8204,"option 5",false,"Research overview"
8205,"option 2",true,"Research overview"
8206,"option 5",true,"Research publications"
8207,"option 5",true,"Research overview"
8208,"option 4",true,"Research publications"
8209,"option 3",false,"Research publications"
8210,"option 4",false,"Standards specifications"
8211,"option 3",false,"Standards specifications"
8212,"option 5",false,"Research publications"
8213,"option 4",true,"Standards specifications"
8214,"option 1",true,"Research publications"
8215,"option 2",true,"Research publications"
8216,"option 4",false,"Standards specifications"
8217,"option 1",true,"Research publications"
8218,"option 4",true,"Research publications"
8219,"option 5",true,"Lexicon"
8220,"option 4",false,"Lexicon"
8221,"option 2",true,"Standards overview"
8222,"option 4",true,"Research overview"
8223,"option 1",false,"Standards specifications"
8224,"option 2",true,"Research overview"
8225,"option 3",true,"Research publications"
8226,"option 5",true,"Research publications"
8227,"option 1",true,"Research publications"
8228,"option 2",false,"Research publications"
8229,"option 5",true,"Research overview"
8230,"option 1",false,"Standards overview"
8231,"option 1",false,"Standards specifications"
8232,"option 5",true,"Research publications"
8233,"option 2",false,"Research publications"
8234,"option 2",true,"Research publications"
8235,"option 4",true,"Research publications"
8236,"option 2",true,"Standards specifications"
8237,"option 2",true,"Research overview"
8238,"option 1",false,"Research overview"
8239,"option 2",true,"Standards specifications"
8240,"option 4",true,"Research publications"
8241,"option 2",false,"Research publications"
8242,"option 1",false,"Standards overview"
8243,"option 3",true,"Standards specifications"
8244,"option 1",true,"Research publications"
8245,"option 2",true,"Research publications"
8246,"option 4",true,"Research publications"
8247,"option 5",true,"Research publications"
8248,"option 4",true,"Standards overview"
8249,"option 5",true,"Standards overview"
8250,"option 1",true,"Research overview"
8251,"option 1",false,"Research overview"
8252,"option 3",true,"Research overview"
8253,"option 4",true,"Research publications"
8254,"option 3",true,"Research publications"
8255,"option 4",true,"Lexicon"
8256,"option 1",false,"Research publications"
8257,"option 1",true,"Research publications"
8258,"option 5",true,"Research publications"
8259,"option 2",true,"Research overview"
8260,"option 2",true,"Research publications"
8261,"option 1",true,"Standards overview"
8262,"option 1",true,"Research publications"
8263,"option 1",true,"Standards overview"
8264,"option 3",true,"Research publications"
8265,"option 4",true,"Standards overview"
8266,"option 3",false,"Standards specifications"
8267,"option 1",false,"Research publications"
8268,"option 4",true,"Research overview"
8269,"option 1",true,"Standards overview"
8270,"option 1",true,"Research publications"
8271,"option 1",true,"Research publications"
8272,"option 2",false,"Standards overview"
8273,"option 5",true,"Standards overview"
8274,"option 3",true,"Research publications"
8275,"option 2",true,"Lexicon"
8276,"option 4",true,"Research overview"
8277,"option 1",true,"Research publications"
8278,"option 3",true,"Research publications"
8279,"option 3",true,"Research publications"
8280,"option 2",false,"Research publications"
8281,"option 3",true,"Research publications"
8282,"option 3",true,"Research overview"
8283,"option 3",true,"Lexicon"
8284,"option 1",true,"Research overview"
8285,"option 1",false,"Standards overview"
8286,"option 3",true,"Research overview"
8287,"option 5",true,"Research publications"
8288,"option 5",true,"Research overview"
8289,"option 5",false,"Standards specifications"
8290,"option 1",true,"Research publications"
8291,"option 2",false,"Research publications"
8292,"option 2",true,"Research publications"
8293,"option 3",true,"Standards overview"
8294,"option 2",true,"Research overview"
8295,"option 2",true,"Research overview"
8296,"option 2",true,"Research publications"
8297,"option 1",true,"Research publications"
8298,"option 2",true,"Research overview"
8299,"option 3",true,"Research publications"
8300,"option 2",true,"Standards overview"
8301,"option 3",true,"Standards specifications"
8302,"option 1",true,"Research publications"
8303,"option 3",true,"Research overview"
8304,"option 3",true,"Research publications"
8305,"option 2",true,"Research publications"
8306,"option 2",true,"Research overview"
8307,"option 4",false,"Standards specifications"
8308,"option 4",false,"Research publications"
8309,"option 1",false,"Research publications"
8310,"option 4",true,"Standards specifications"
8311,"option 5",true,"Standards specifications"
8312,"option 2",true,"Research publications"
8313,"option 5",true,"Research overview"
8314,"option 4",true,"Standards specifications"
8315,"option 1",true,"Standards overview"
8316,"option 3",true,"Research publications"
8317,"option 3",false,"Research publications"
8318,"option 3",false,"Standards specifications"
8319,"option 5",false,"Standards specifications"
8320,"option 1",true,"Research publications"
8321,"option 2",true,"Lexicon"
8322,"option 1",true,"Research publications"
8323,"option 4",true,"Research publications"
8324,"option 2",false,"Research publications"
8325,"option 2",true,"Research overview"
8326,"option 2",true,"Lexicon"
8327,"option 4",true,"Research overview"
8328,"option 1",true,"Research overview"
8329,"option 3",true,"Research publications"
8330,"option 2",true,"Research publications"
8331,"option 4",true,"Research publications"
8332,"option 2",false,"Standards overview"
8333,"option 3",true,"Research overview"
8334,"option 1",true,"Research publications"
8335,"option 1",false,"Standards specifications"
8336,"option 3",true,"Standards overview"
8337,"option 3",false,"Research publications"
8338,"option 4",true,"Research overview"
8339,"option 1",false,"Standards specifications"
8340,"option 1",true,"Lexicon"
8341,"option 4",true,"Standards specifications"
8342,"option 1",true,"Standards overview"
8343,"option 3",true,"Research overview"
8344,"option 1",false,"Standards overview"
8345,"option 2",true,"Research publications"
8346,"option 3",true,"Research publications"
8347,"option 1",false,"Standards specifications"
8348,"option 5",true,"Research overview"
8349,"option 3",true,"Research publications"
8350,"option 4",false,"Standards specifications"
8351,"option 4",true,"Lexicon"
8352,"option 1",false,"Standards specifications"
8353,"option 4",false,"Research overview"
8354,"option 3",true,"Standards overview"
8355,"option 4",true,"Research overview"
8356,"option 2",false,"Research overview"
8357,"option 3",true,"Research publications"
8358,"option 3",true,"Research publications"
8359,"option 1",false,"Standards overview"
8360,"option 1",true,"Standards specifications"
8361,"option 2",false,"Standards specifications"
8362,"option 5",true,"Standards specifications"
8363,"option 3",true,"Standards specifications"
8364,"option 5",false,"Standards specifications"
8365,"option 1",false,"Standards overview"
8366,"option 3",false,"Research overview"
8367,"option 3",true,"Research publications"
8368,"option 1",true,"Research publications"
8369,"option 1",true,"Standards overview"
8370,"option 1",true,"Research publications"
8371,"option 3",true,"Standards specifications"
8372,"option 5",true,"Research publications"
8373,"option 4",true,"Research overview"
8374,"option 1",true,"Research publications"
8375,"option 1",true,"Research overview"
8376,"option 3",true,"Research overview"
8377,"option 3",false,"Research overview"
8378,"option 4",true,"Research publications"
8379,"option 1",false,"Research publications"
8380,"option 4",false,"Research overview"
8381,"option 2",true,"Standards specifications"
8382,"option 3",true,"Research publications"
8383,"option 1",false,"Standards specifications"
8384,"option 1",true,"Research publications"
8385,"option 3",false,"Research overview"
8386,"option 1",true,"Lexicon"
8387,"option 1",true,"Research publications"
8388,"option 1",true,"Research publications"
8389,"option 4",true,"Standards specifications"
8390,"option 1",true,"Research publications"
8391,"option 2",true,"Research publications"
8392,"option 1",true,"Lexicon"
8393,"option 4",true,"Research publications"
8394,"option 3",true,"Research overview"
8395,"option 1",true,"Research overview"
8396,"option 3",false,"Standards specifications"
8397,"option 5",true,"Research overview"
8398,"option 4",true,"Research publications"
8399,"option 3",true,"Research overview"
8400,"option 3",true,"Research overview"
8401,"option 3",true,"Standards specifications"
8402,"option 2",true,"Research publications"
8403,"option 1",false,"Standards specifications"
8404,"option 1",false,"Research publications"
8405,"option 1",false,"Standards specifications"
8406,"option 5",true,"Research publications"
8407,"option 3",true,"Lexicon"
8408,"option 4",true,"Research overview"
8409,"option 2",true,"Research publications"
8410,"option 3",false,"Research publications"
8411,"option 1",true,"Standards specifications"
8412,"option 5",true,"Research publications"
8413,"option 2",true,"Research publications"
8414,"option 1",true,"Research overview"
8415,"option 2",true,"Research overview"
8416,"option 1",true,"Research publications"
8417,"option 1",true,"Standards overview"
8418,"option 3",true,"Research publications"
8419,"option 2",true,"Research publications"
8420,"option 3",true,"Research publications"
8421,"option 1",true,"Standards specifications"
8422,"option 1",true,"Research publications"
8423,"option 2",false,"Research publications"
8424,"option 2",true,"Research publications"
8425,"option 1",false,"Research overview"
8426,"option 1",false,"Standards specifications"
8427,"option 3",true,"Research publications"
8428,"option 5",true,"Research publications"
8429,"option 4",true,"Standards specifications"
8430,"option 3",false,"Research publications"
8431,"option 4",true,"Research publications"
8432,"option 1",false,"Research overview"
8433,"option 3",true,"Research overview"
8434,"option 4",true,"Standards specifications"
8435,"option 3",true,"Research publications"
8436,"option 1",true,"Research publications"
8437,"option 2",true,"Standards specifications"
8438,"option 3",true,"Research publications"
8439,"option 3",true,"Research overview"
8440,"option 4",false,"Standards overview"
8441,"option 1",true,"Standards specifications"
8442,"option 1",true,"Research publications"
8443,"option 5",true,"Research publications"
8444,"option 1",false,"Research publications"
8445,"option 4",true,"Standards specifications"
8446,"option 2",true,"Standards overview"
8447,"option 1",true,"Research publications"
8448,"option 5",false,"Research overview"
8449,"option 4",true,"Research publications"
8450,"option 3",true,"Research publications"
8451,"option 4",true,"Research publications"
8452,"option 4",true,"Research publications"
8453,"option 1",false,"Standards overview"
8454,"option 1",true,"Research publications"
8455,"option 2",true,"Standards specifications"
8456,"option 1",true,"Standards specifications"
8457,"option 4",true,"Research overview"
8458,"option 1",false,"Research publications"
8459,"option 3",true,"Research publications"
8460,"option 1",true,"Standards specifications"
8461,"option 2",true,"Research publications"
8462,"option 4",true,"Standards overview"
8463,"option 5",true,"Research publications"
8464,"option 1",false,"Research overview"
8465,"option 1",false,"Standards overview"
8466,"option 3",true,"Lexicon"
8467,"option 4",false,"Research overview"
8468,"option 5",false,"Research publications"
8469,"option 4",false,"Research publications"
8470,"option 4",false,"Research publications"
8471,"option 2",false,"Research publications"
8472,"option 4",true,"Research publications"
8473,"option 4",false,"Research publications"
8474,"option 3",true,"Research overview"
8475,"option 2",true,"Research publications"
8476,"option 3",false,"Standards specifications"
8477,"option 1",true,"Research publications"
8478,"option 2",true,"Research overview"
8479,"option 2",true,"Standards overview"
8480,"option 4",true,"Research publications"
8481,"option 2",false,"Research publications"
8482,"option 4",true,"Standards overview"
8483,"option 5",true,"Research publications"
8484,"option 4",true,"Research overview"
8485,"option 2",false,"Standards specifications"
8486,"option 2",true,"Research publications"
8487,"option 1",false,"Research publications"
8488,"option 1",false,"Research overview"
8489,"option 1",true,"Standards specifications"
8490,"option 4",true,"Research overview"
8491,"option 2",true,"Standards overview"
8492,"option 4",true,"Lexicon"
8493,"option 1",false,"Standards overview"
8494,"option 5",true,"Standards overview"
8495,"option 2",false,"Research publications"
8496,"option 4",true,"Standards overview"
8497,"option 2",true,"Research publications"
8498,"option 1",false,"Research overview"
8499,"option 2",true,"Standards specifications"
8500,"option 2",false,"Standards overview"
8501,"option 1",true,"Research publications"
8502,"option 1",false,"Research publications"
8503,"option 3",true,"Standards overview"
8504,"option 2",true,"Research publications"
8505,"option 3",true,"Research publications"
8506,"option 3",true,"Research publications"
8507,"option 5",true,"Research publications"
8508,"option 4",true,"Standards specifications"
8509,"option 2",false,"Research overview"
8510,"option 2",false,"Research publications"
8511,"option 2",true,"Research overview"
8512,"option 4",true,"Research publications"
8513,"option 1",false,"Research publications"
8514,"option 1",true,"Research publications"
8515,"option 3",true,"Research publications"
8516,"option 3",true,"Research publications"
8517,"option 5",true,"Research overview"
8518,"option 3",true,"Research overview"
8519,"option 3",true,"Research publications"
8520,"option 1",true,"Research publications"
8521,"option 2",true,"Research overview"
8522,"option 1",false,"Standards overview"
8523,"option 3",true,"Standards specifications"
8524,"option 2",false,"Standards specifications"
8525,"option 1",false,"Standards specifications"
8526,"option 3",true,"Standards overview"
8527,"option 4",false,"Research publications"
8528,"option 4",true,"Research overview"
8529,"option 3",true,"Research publications"
8530,"option 4",true,"Research publications"
8531,"option 5",false,"Standards specifications"
8532,"option 1",true,"Research publications"
8533,"option 2",true,"Research overview"
8534,"option 1",true,"Research publications"
8535,"option 1",true,"Research publications"
8536,"option 1",true,"Research publications"
8537,"option 1",true,"Research overview"
8538,"option 1",false,"Standards specifications"
8539,"option 1",true,"Research publications"
8540,"option 3",true,"Lexicon"
8541,"option 1",false,"Standards specifications"
8542,"option 5",false,"Research publications"
8543,"option 3",true,"Standards specifications"
8544,"option 2",true,"Research publications"
8545,"option 1",true,"Research publications"
8546,"option 1",false,"Standards specifications"
8547,"option 4",false,"Research overview"
8548,"option 1",true,"Standards overview"
8549,"option 2",true,"Standards overview"
8550,"option 1",true,"Lexicon"
8551,"option 1",true,"Standards overview"
8552,"option 4",true,"Standards specifications"
8553,"option 4",true,"Research publications"
8554,"option 4",true,"Standards overview"
8555,"option 3",true,"Research overview"
8556,"option 4",true,"Standards specifications"
8557,"option 4",true,"Research publications"
8558,"option 4",true,"Research publications"
8559,"option 1",true,"Research publications"
8560,"option 2",true,"Research publications"
8561,"option 5",false,"Research publications"
8562,"option 4",false,"Research publications"
8563,"option 4",true,"Research overview"
8564,"option 1",false,"Research publications"
8565,"option 3",true,"Standards overview"
8566,"option 3",true,"Research publications"
8567,"option 1",true,"Research publications"
8568,"option 1",false,"Standards specifications"
8569,"option 4",true,"Research overview"
8570,"option 3",true,"Standards specifications"
8571,"option 3",true,"Research overview"
8572,"option 1",true,"Research overview"
8573,"option 2",false,"Research publications"
8574,"option 1",false,"Research publications"
8575,"option 4",false,"Research publications"
8576,"option 4",false,"Standards specifications"
8577,"option 3",false,"Research publications"
8578,"option 1",false,"Standards specifications"
8579,"option 5",true,"Standards specifications"
8580,"option 2",true,"Research publications"
8581,"option 5",true,"Research publications"
8582,"option 2",true,"Standards overview"
8583,"option 3",false,"Research publications"
8584,"option 4",true,"Research publications"
8585,"option 3",false,"Research publications"
8586,"option 3",true,"Research overview"
8587,"option 2",true,"Research publications"
8588,"option 3",true,"Research publications"
8589,"option 4",true,"Research publications"
8590,"option 3",true,"Research publications"
8591,"option 3",true,"Research publications"
8592,"option 2",true,"Research publications"
8593,"option 5",true,"Research publications"
8594,"option 1",false,"Research overview"
8595,"option 2",false,"Research publications"
8596,"option 4",true,"Lexicon"
8597,"option 3",true,"Research publications"
8598,"option 3",false,"Standards specifications"
8599,"option 3",true,"Research publications"
8600,"option 2",true,"Standards specifications"
8601,"option 1",false,"Standards specifications"
8602,"option 1",false,"Research publications"
8603,"option 3",true,"Standards overview"
8604,"option 4",true,"Research overview"
8605,"option 1",false,"Research publications"
8606,"option 4",true,"Research publications"
8607,"option 1",false,"Research publications"
8608,"option 4",true,"Research publications"
8609,"option 2",true,"Research publications"
8610,"option 4",true,"Research overview"
8611,"option 3",true,"Standards specifications"
8612,"option 3",true,"Research overview"
8613,"option 3",true,"Research publications"
8614,"option 1",true,"Standards specifications"
8615,"option 2",true,"Research publications"
8616,"option 1",true,"Research publications"
8617,"option 4",false,"Standards specifications"
8618,"option 3",true,"Research publications"
8619,"option 3",true,"Standards overview"
8620,"option 5",true,"Standards specifications"
8621,"option 5",true,"Research overview"
8622,"option 1",true,"Research publications"
8623,"option 4",true,"Research overview"
8624,"option 3",true,"Standards specifications"
8625,"option 1",true,"Research publications"
8626,"option 4",true,"Research publications"
8627,"option 1",true,"Standards specifications"
8628,"option 2",true,"Research publications"
8629,"option 5",true,"Research overview"
8630,"option 4",true,"Research overview"
8631,"option 4",true,"Standards overview"
8632,"option 3",true,"Research overview"
8633,"option 2",false,"Research publications"
8634,"option 1",true,"Standards specifications"
8635,"option 4",true,"Standards specifications"
8636,"option 1",false,"Standards overview"
8637,"option 1",true,"Research publications"
8638,"option 1",true,"Standards specifications"
8639,"option 5",true,"Standards specifications"
8640,"option 3",true,"Research overview"
8641,"option 3",false,"Standards specifications"
8642,"option 1",true,"Research overview"
8643,"option 1",false,"Research overview"
8644,"option 3",true,"Research publications"
8645,"option 3",true,"Research publications"
8646,"option 1",true,"Research publications"
8647,"option 4",true,"Research publications"
8648,"option 4",true,"Research publications"
8649,"option 2",true,"Research publications"
8650,"option 3",true,"Standards specifications"
8651,"option 1",false,"Standards overview"
8652,"option 1",false,"Research overview"
8653,"option 2",false,"Standards overview"
8654,"option 1",false,"Standards overview"
8655,"option 3",false,"Standards specifications"
8656,"option 1",false,"Research overview"
8657,"option 3",true,"Standards specifications"
8658,"option 1",false,"Standards overview"
8659,"option 3",true,"Research publications"
8660,"option 4",true,"Research publications"
8661,"option 4",true,"Research overview"
8662,"option 5",false,"Standards specifications"
8663,"option 4",false,"Standards specifications"
8664,"option 3",false,"Research publications"
8665,"option 4",false,"Standards specifications"
8666,"option 1",false,"Research publications"
8667,"option 4",true,"Research overview"
8668,"option 4",true,"Research publications"
8669,"option 1",true,"Research overview"
8670,"option 5",true,"Research publications"
8671,"option 3",false,"Research publications"
8672,"option 3",false,"Standards specifications"
8673,"option 2",true,"Research publications"
8674,"option 1",false,"Standards overview"
8675,"option 3",true,"Standards overview"
8676,"option 1",true,"Research overview"
8677,"option 4",true,"Standards overview"
8678,"option 4",true,"Lexicon"
8679,"option 2",true,"Research overview"
8680,"option 3",true,"Standards overview"
8681,"option 3",true,"Research publications"
8682,"option 1",true,"Lexicon"
8683,"option 2",false,"Standards specifications"
8684,"option 2",true,"Research publications"
8685,"option 1",true,"Research overview"
8686,"option 3",false,"Research publications"
8687,"option 3",true,"Research publications"
8688,"option 3",true,"Lexicon"
8689,"option 2",true,"Research publications"
8690,"option 4",true,"Standards specifications"
8691,"option 4",true,"Research overview"
8692,"option 3",true,"Lexicon"
8693,"option 3",true,"Standards specifications"
8694,"option 2",false,"Standards specifications"
8695,"option 3",true,"Standards specifications"
8696,"option 3",false,"Standards specifications"
8697,"option 4",true,"Research publications"
8698,"option 3",false,"Research publications"
8699,"option 5",true,"Research publications"
8700,"option 3",true,"Research publications"
8701,"option 1",false,"Research publications"
8702,"option 2",false,"Standards specifications"
8703,"option 4",false,"Standards specifications"
8704,"option 1",false,"Research publications"
8705,"option 4",false,"Research publications"
8706,"option 1",false,"Research publications"
8707,"option 5",true,"Research overview"
8708,"option 3",false,"Research overview"
8709,"option 3",false,"Standards overview"
8710,"option 4",true,"Standards overview"
8711,"option 3",true,"Research publications"
8712,"option 2",false,"Research publications"
8713,"option 2",true,"Research overview"
8714,"option 1",false,"Research overview"
8715,"option 3",true,"Research publications"
8716,"option 1",false,"Standards specifications"
8717,"option 2",true,"Standards specifications"
8718,"option 4",false,"Research publications"
8719,"option 4",true,"Research publications"
8720,"option 1",true,"Lexicon"
8721,"option 4",false,"Standards specifications"
8722,"option 1",true,"Research overview"
8723,"option 1",false,"Standards specifications"
8724,"option 4",true,"Research publications"
8725,"option 4",true,"Research overview"
8726,"option 3",true,"Research publications"
8727,"option 2",true,"Research publications"
8728,"option 1",true,"Research publications"
8729,"option 1",true,"Research overview"
8730,"option 2",true,"Research overview"
8731,"option 1",true,"Research publications"
8732,"option 5",true,"Research overview"
8733,"option 1",true,"Research publications"
8734,"option 1",true,"Research overview"
8735,"option 1",false,"Standards specifications"
8736,"option 2",false,"Standards overview"
8737,"option 2",false,"Lexicon"
8738,"option 1",true,"Research overview"
8739,"option 4",true,"Lexicon"
8740,"option 2",true,"Research publications"
8741,"option 2",false,"Research overview"
8742,"option 1",false,"Standards specifications"
8743,"option 1",true,"Research publications"
8744,"option 1",false,"Research overview"
8745,"option 1",false,"Standards overview"
8746,"option 4",true,"Research publications"
8747,"option 3",false,"Research publications"
8748,"option 1",true,"Research publications"
8749,"option 3",true,"Lexicon"
8750,"option 5",true,"Research publications"
8751,"option 4",true,"Research overview"
8752,"option 3",true,"Research publications"
8753,"option 1",true,"Research publications"
8754,"option 3",true,"Research publications"
8755,"option 5",true,"Standards specifications"
8756,"option 5",true,"Research publications"
8757,"option 3",true,"Research publications"
8758,"option 5",false,"Research publications"
8759,"option 2",true,"Research publications"
8760,"option 5",false,"Research overview"
8761,"option 4",true,"Research publications"
8762,"option 2",false,"Standards specifications"
8763,"option 4",true,"Research publications"
8764,"option 2",false,"Research publications"
8765,"option 1",true,"Research overview"
8766,"option 4",true,"Research overview"
8767,"option 2",true,"Research publications"
8768,"option 1",false,"Standards specifications"
8769,"option 1",true,"Research overview"
8770,"option 1",false,"Standards specifications"
8771,"option 1",false,"Research overview"
8772,"option 2",true,"Research publications"
8773,"option 4",true,"Research publications"
8774,"option 4",true,"Standards specifications"
8775,"option 2",true,"Lexicon"
8776,"option 4",false,"Research publications"
8777,"option 4",true,"Research publications"
8778,"option 4",true,"Research publications"
8779,"option 1",false,"Standards specifications"
8780,"option 1",true,"Research publications"
8781,"option 2",true,"Research overview"
8782,"option 4",false,"Standards overview"
8783,"option 1",true,"Standards overview"
8784,"option 5",true,"Research publications"
8785,"option 3",true,"Research publications"
8786,"option 1",false,"Research publications"
8787,"option 3",true,"Research overview"
8788,"option 3",true,"Research publications"
8789,"option 3",true,"Research publications"
8790,"option 3",false,"Research publications"
8791,"option 1",false,"Research publications"
8792,"option 5",false,"Research overview"
8793,"option 3",false,"Research publications"
8794,"option 5",true,"Research publications"
8795,"option 1",true,"Standards specifications"
8796,"option 2",true,"Research overview"
8797,"option 3",true,"Research publications"
8798,"option 1",false,"Standards specifications"
8799,"option 4",false,"Research publications"
8800,"option 2",true,"Research publications"
8801,"option 3",false,"Standards specifications"
8802,"option 1",true,"Lexicon"
8803,"option 5",true,"Research overview"
8804,"option 4",false,"Research overview"
8805,"option 1",false,"Research publications"
8806,"option 4",true,"Standards specifications"
8807,"option 4",true,"Research publications"
8808,"option 1",false,"Standards specifications"
8809,"option 5",true,"Research publications"
8810,"option 3",true,"Research publications"
8811,"option 1",false,"Research publications"
8812,"option 5",true,"Research publications"
8813,"option 4",false,"Research overview"
8814,"option 5",true,"Standards overview"
8815,"option 4",false,"Research publications"
8816,"option 2",true,"Research publications"
8817,"option 1",true,"Research overview"
8818,"option 2",true,"Research overview"
8819,"option 3",true,"Research publications"
8820,"option 3",true,"Research overview"
8821,"option 2",true,"Research publications"
8822,"option 4",true,"Research publications"
8823,"option 2",true,"Research publications"
8824,"option 1",true,"Standards overview"
8825,"option 3",false,"Research publications"
8826,"option 3",true,"Research publications"
8827,"option 4",true,"Research overview"
8828,"option 4",true,"Standards overview"
8829,"option 5",true,"Lexicon"
8830,"option 1",true,"Research publications"
8831,"option 3",true,"Research overview"
8832,"option 1",true,"Research publications"
8833,"option 5",false,"Standards specifications"
8834,"option 2",true,"Research publications"
8835,"option 4",true,"Research publications"
8836,"option 2",false,"Research overview"
8837,"option 3",true,"Research overview"
8838,"option 1",true,"Research overview"
8839,"option 1",true,"Research publications"
8840,"option 2",true,"Standards overview"
8841,"option 3",true,"Standards specifications"
8842,"option 1",true,"Research publications"
8843,"option 3",true,"Research overview"
8844,"option 4",false,"Research overview"
8845,"option 1",true,"Research publications"
8846,"option 1",true,"Research publications"
8847,"option 5",true,"Research publications"
8848,"option 2",false,"Standards overview"
8849,"option 3",true,"Research overview"
8850,"option 1",true,"Research publications"
8851,"option 3",true,"Research overview"
8852,"option 2",true,"Research publications"
8853,"option 4",true,"Research overview"
8854,"option 1",false,"Standards specifications"
8855,"option 1",false,"Research publications"
8856,"option 2",true,"Standards overview"
8857,"option 1",false,"Research publications"
8858,"option 5",true,"Research publications"
8859,"option 4",true,"Research publications"
8860,"option 1",false,"Standards overview"
8861,"option 1",false,"Standards overview"
8862,"option 1",true,"Standards specifications"
8863,"option 4",true,"Standards specifications"
8864,"option 2",false,"Standards overview"
8865,"option 5",true,"Research overview"
8866,"option 3",true,"Research publications"
8867,"option 4",true,"Research overview"
8868,"option 2",false,"Standards specifications"
8869,"option 2",true,"Research publications"
8870,"option 1",false,"Research overview"
8871,"option 1",false,"Research publications"
8872,"option 2",true,"Research publications"
8873,"option 4",true,"Standards overview"
8874,"option 3",true,"Standards specifications"
8875,"option 5",true,"Standards specifications"
8876,"option 4",false,"Research publications"
8877,"option 1",false,"Standards specifications"
8878,"option 2",false,"Research overview"
8879,"option 3",false,"Research publications"
8880,"option 1",true,"Standards specifications"
8881,"option 1",false,"Research overview"
8882,"option 2",true,"Standards specifications"
8883,"option 3",false,"Research overview"
8884,"option 2",false,"Research publications"
8885,"option 2",false,"Standards specifications"
8886,"option 5",true,"Standards specifications"
8887,"option 4",true,"Research publications"
8888,"option 3",true,"Research overview"
8889,"option 2",false,"Research publications"
8890,"option 1",true,"Research overview"
8891,"option 1",true,"Research overview"
8892,"option 2",true,"Research publications"
8893,"option 1",true,"Research publications"
8894,"option 1",false,"Research overview"
8895,"option 1",true,"Research publications"
8896,"option 3",true,"Lexicon"
8897,"option 3",true,"Research publications"
8898,"option 5",true,"Research publications"
8899,"option 1",true,"Research overview"
8900,"option 5",true,"Lexicon"
8901,"option 1",true,"Standards specifications"
8902,"option 1",true,"Lexicon"
8903,"option 1",true,"Research publications"
8904,"option 3",true,"Research publications"
8905,"option 4",true,"Research publications"
8906,"option 2",true,"Research publications"
8907,"option 4",true,"Standards overview"
8908,"option 1",true,"Standards overview"
8909,"option 4",false,"Research publications"
8910,"option 3",true,"Research overview"
8911,"option 2",true,"Research overview"
8912,"option 2",true,"Standards specifications"
8913,"option 2",true,"Research publications"
8914,"option 3",true,"Standards overview"
8915,"option 2",false,"Standards overview"
8916,"option 1",false,"Standards specifications"
8917,"option 4",true,"Research overview"
8918,"option 2",true,"Research publications"
8919,"option 3",false,"Research overview"
8920,"option 4",false,"Research overview"
8921,"option 2",false,"Research publications"
8922,"option 2",true,"Research overview"
8923,"option 3",true,"Standards specifications"
8924,"option 1",false,"Research overview"
8925,"option 3",false,"Research publications"
8926,"option 2",false,"Standards specifications"
8927,"option 1",false,"Research publications"
8928,"option 2",true,"Research overview"
8929,"option 4",false,"Research overview"
8930,"option 3",true,"Research overview"
8931,"option 2",false,"Research publications"
8932,"option 4",false,"Research publications"
8933,"option 2",false,"Research publications"
8934,"option 5",true,"Research overview"
8935,"option 1",false,"Research overview"
8936,"option 4",true,"Lexicon"
8937,"option 5",false,"Research publications"
8938,"option 3",false,"Standards overview"
8939,"option 3",true,"Research publications"
8940,"option 5",true,"Research publications"
8941,"option 4",false,"Research overview"
8942,"option 2",false,"Standards specifications"
8943,"option 5",true,"Standards overview"
8944,"option 1",false,"Standards specifications"
8945,"option 1",true,"Research publications"
8946,"option 5",true,"Standards specifications"
8947,"option 2",true,"Standards overview"
8948,"option 1",false,"Standards specifications"
8949,"option 2",true,"Research publications"
8950,"option 3",false,"Standards overview"
8951,"option 4",true,"Research publications"
8952,"option 4",false,"Research publications"
8953,"option 5",false,"Research publications"
8954,"option 5",false,"Lexicon"
8955,"option 1",true,"Standards specifications"
8956,"option 4",false,"Standards overview"
8957,"option 2",false,"Standards specifications"
8958,"option 3",true,"Research overview"
8959,"option 4",false,"Standards specifications"
8960,"option 1",true,"Research overview"
8961,"option 3",false,"Standards overview"
8962,"option 2",false,"Standards specifications"
8963,"option 4",true,"Research publications"
8964,"option 2",false,"Standards overview"
8965,"option 1",true,"Standards specifications"
8966,"option 1",true,"Research publications"
8967,"option 1",false,"Research overview"
8968,"option 1",false,"Research publications"
8969,"option 4",true,"Research publications"
8970,"option 2",false,"Research publications"
8971,"option 2",true,"Standards specifications"
8972,"option 3",true,"Standards specifications"
8973,"option 1",true,"Lexicon"
8974,"option 4",true,"Research overview"
8975,"option 2",true,"Research overview"
8976,"option 3",true,"Research overview"
8977,"option 4",false,"Research publications"
8978,"option 1",true,"Research overview"
8979,"option 2",true,"Standards specifications"
8980,"option 1",true,"Research publications"
8981,"option 1",false,"Standards specifications"
8982,"option 4",false,"Research publications"
8983,"option 3",true,"Research overview"
8984,"option 1",true,"Research publications"
8985,"option 1",true,"Research publications"
8986,"option 2",false,"Research publications"
8987,"option 5",true,"Standards overview"
8988,"option 2",false,"Standards specifications"
8989,"option 1",false,"Research publications"
8990,"option 2",true,"Lexicon"
8991,"option 2",true,"Research overview"
8992,"option 1",true,"Research overview"
8993,"option 5",true,"Research publications"
8994,"option 3",true,"Research publications"
8995,"option 3",false,"Research overview"
8996,"option 1",false,"Research publications"
8997,"option 3",true,"Research publications"
8998,"option 1",true,"Standards overview"
8999,"option 4",false,"Research publications"
9000,"option 1",true,"Research publications"
9001,"option 2",true,"Standards specifications"
9002,"option 1",true,"Research overview"
9003,"option 2",false,"Research publications"
9004,"option 1",false,"Research overview"
9005,"option 1",true,"Research publications"
9006,"option 3",true,"Lexicon"
9007,"option 1",true,"Research publications"
9008,"option 2",true,"Standards specifications"
9009,"option 2",true,"Research publications"
9010,"option 4",true,"Standards specifications"
9011,"option 3",true,"Research publications"
9012,"option 3",true,"Research publications"
9013,"option 3",false,"Standards specifications"
9014,"option 2",false,"Standards overview"
9015,"option 5",true,"Research publications"
9016,"option 4",true,"Research overview"
9017,"option 1",true,"Research publications"
9018,"option 5",false,"Standards overview"
9019,"option 3",false,"Research publications"
9020,"option 3",true,"Research publications"
9021,"option 4",true,"Research publications"
9022,"option 1",true,"Standards specifications"
9023,"option 4",true,"Standards specifications"
9024,"option 5",true,"Research publications"
9025,"option 1",false,"Standards specifications"
9026,"option 3",true,"Research overview"
9027,"option 2",true,"Research publications"
9028,"option 1",false,"Standards specifications"
9029,"option 3",true,"Standards overview"
9030,"option 3",true,"Standards specifications"
9031,"option 5",true,"Research overview"
9032,"option 2",true,"Research publications"
9033,"option 2",false,"Standards overview"
9034,"option 1",false,"Research publications"
9035,"option 1",false,"Research overview"
9036,"option 3",false,"Research publications"
9037,"option 1",true,"Standards overview"
9038,"option 4",true,"Lexicon"
9039,"option 5",false,"Research publications"
9040,"option 4",true,"Research publications"
9041,"option 2",true,"Research overview"
9042,"option 1",true,"Research publications"
9043,"option 1",true,"Standards overview"
9044,"option 5",true,"Research publications"
9045,"option 4",true,"Research publications"
9046,"option 4",false,"Standards specifications"
9047,"option 4",true,"Research overview"
9048,"option 1",false,"Standards overview"
9049,"option 4",true,"Research publications"
9050,"option 1",true,"Standards specifications"
9051,"option 1",true,"Standards overview"
9052,"option 2",false,"Standards specifications"
9053,"option 1",true,"Lexicon"
9054,"option 2",true,"Research publications"
9055,"option 2",true,"Research overview"
9056,"option 3",true,"Standards overview"
9057,"option 5",true,"Research publications"
9058,"option 1",true,"Research overview"
9059,"option 3",true,"Research publications"
9060,"option 3",false,"Research overview"
9061,"option 1",false,"Standards specifications"
9062,"option 1",true,"Research publications"
9063,"option 4",true,"Research publications"
9064,"option 1",false,"Research overview"
9065,"option 2",false,"Lexicon"
9066,"option 3",false,"Research overview"
9067,"option 1",false,"Research overview"
9068,"option 3",true,"Research publications"
9069,"option 1",false,"Research overview"
9070,"option 2",true,"Lexicon"
9071,"option 3",true,"Standards overview"
9072,"option 5",true,"Research publications"
9073,"option 3",true,"Standards specifications"
9074,"option 1",true,"Standards overview"
9075,"option 3",false,"Research publications"
9076,"option 4",true,"Research publications"
9077,"option 1",false,"Standards specifications"
9078,"option 2",true,"Research overview"
9079,"option 4",true,"Research overview"
9080,"option 3",true,"Research overview"
9081,"option 3",true,"Research publications"
9082,"option 4",true,"Research publications"
9083,"option 5",true,"Research overview"
9084,"option 1",true,"Research overview"
9085,"option 1",false,"Research publications"
9086,"option 1",false,"Research overview"
9087,"option 1",false,"Research publications"
9088,"option 1",false,"Research overview"
9089,"option 4",true,"Research overview"
9090,"option 2",true,"Research publications"
9091,"option 5",true,"Standards specifications"
9092,"option 1",true,"Research publications"
9093,"option 1",false,"Research publications"
9094,"option 3",true,"Research publications"
9095,"option 1",false,"Standards specifications"
9096,"option 2",true,"Standards overview"
9097,"option 2",true,"Research publications"
9098,"option 3",true,"Research publications"
9099,"option 5",true,"Standards specifications"
9100,"option 5",true,"Research overview"
9101,"option 3",true,"Standards specifications"
9102,"option 3",true,"Standards overview"
9103,"option 2",true,"Research publications"
9104,"option 3",false,"Research overview"
9105,"option 1",true,"Research publications"
9106,"option 2",true,"Research overview"
9107,"option 1",true,"Research publications"
9108,"option 1",false,"Research overview"
9109,"option 1",true,"Research publications"
9110,"option 1",true,"Research overview"
9111,"option 1",false,"Research publications"
9112,"option 4",false,"Standards specifications"
9113,"option 3",true,"Standards overview"
9114,"option 4",true,"Research overview"
9115,"option 2",true,"Research overview"
9116,"option 2",true,"Standards overview"
9117,"option 4",true,"Research publications"
9118,"option 5",true,"Standards specifications"
9119,"option 4",true,"Research overview"
9120,"option 1",true,"Research overview"
9121,"option 4",true,"Research publications"
9122,"option 2",true,"Research publications"
9123,"option 1",false,"Research publications"
9124,"option 3",true,"Standards specifications"
9125,"option 2",true,"Research publications"
9126,"option 1",true,"Standards specifications"
9127,"option 1",false,"Research overview"
9128,"option 1",true,"Research overview"
9129,"option 1",true,"Standards specifications"
9130,"option 2",true,"Research publications"
9131,"option 3",true,"Research publications"
9132,"option 1",true,"Research publications"
9133,"option 4",true,"Research overview"
9134,"option 3",true,"Research publications"
9135,"option 5",true,"Research publications"
9136,"option 5",true,"Research publications"
9137,"option 2",true,"Research publications"
9138,"option 5",false,"Standards overview"
9139,"option 2",false,"Standards overview"
9140,"option 5",true,"Research publications"
9141,"option 2",false,"Research publications"
9142,"option 1",true,"Research publications"
9143,"option 4",true,"Research overview"
9144,"option 3",true,"Research publications"
9145,"option 3",true,"Standards specifications"
9146,"option 2",false,"Standards specifications"
9147,"option 5",true,"Research publications"
9148,"option 3",true,"Research publications"
9149,"option 2",true,"Standards overview"
9150,"option 2",true,"Standards overview"
9151,"option 1",false,"Research publications"
9152,"option 4",true,"Research publications"
9153,"option 4",true,"Research publications"
9154,"option 2",true,"Standards overview"
9155,"option 2",true,"Research publications"
9156,"option 3",true,"Research publications"
9157,"option 1",true,"Research publications"
9158,"option 1",true,"Research overview"
9159,"option 3",true,"Research overview"
9160,"option 3",true,"Research publications"
9161,"option 4",true,"Research publications"
9162,"option 4",false,"Standards overview"
9163,"option 4",true,"Research publications"
9164,"option 1",false,"Research overview"
9165,"option 5",true,"Research overview"
9166,"option 2",false,"Research publications"
9167,"option 4",true,"Standards specifications"
9168,"option 1",false,"Standards specifications"
9169,"option 5",true,"Research publications"
9170,"option 5",false,"Research publications"
9171,"option 2",true,"Research publications"
9172,"option 2",true,"Research overview"
9173,"option 1",true,"Research overview"
9174,"option 5",true,"Standards specifications"
9175,"option 4",true,"Research publications"
9176,"option 2",true,"Research publications"
9177,"option 1",true,"Research overview"
9178,"option 5",true,"Research publications"
9179,"option 2",true,"Research overview"
9180,"option 1",true,"Standards specifications"
9181,"option 3",false,"Research publications"
9182,"option 2",true,"Research publications"
9183,"option 5",false,"Lexicon"
9184,"option 4",true,"Research publications"
9185,"option 5",true,"Research overview"
9186,"option 1",true,"Standards overview"
9187,"option 1",true,"Standards specifications"
9188,"option 1",true,"Research overview"
9189,"option 2",false,"Research publications"
9190,"option 2",true,"Research publications"
9191,"option 1",false,"Standards specifications"
9192,"option 3",true,"Research overview"
9193,"option 3",true,"Research overview"
9194,"option 3",true,"Research overview"
9195,"option 5",true,"Research publications"
9196,"option 2",true,"Research publications"
9197,"option 4",false,"Standards overview"
9198,"option 3",false,"Research overview"
9199,"option 4",true,"Research overview"
9200,"option 1",false,"Research publications"
9201,"option 3",true,"Research overview"
9202,"option 2",true,"Research publications"
9203,"option 1",false,"Research publications"
9204,"option 1",false,"Standards specifications"
9205,"option 3",false,"Research overview"
9206,"option 5",false,"Research publications"
9207,"option 1",true,"Research publications"
9208,"option 5",false,"Standards specifications"
9209,"option 1",false,"Research overview"
9210,"option 2",true,"Research overview"
9211,"option 5",true,"Research publications"
9212,"option 1",false,"Research publications"
9213,"option 4",true,"Standards specifications"
9214,"option 3",true,"Standards specifications"
9215,"option 2",true,"Research publications"
9216,"option 4",false,"Research publications"
9217,"option 4",false,"Research overview"
9218,"option 4",true,"Research publications"
9219,"option 1",false,"Standards specifications"
9220,"option 3",true,"Standards specifications"
9221,"option 4",true,"Research overview"
9222,"option 1",false,"Research publications"
9223,"option 2",false,"Research publications"
9224,"option 2",false,"Standards specifications"
9225,"option 2",true,"Standards specifications"
9226,"option 1",true,"Research overview"
9227,"option 5",true,"Standards overview"
9228,"option 1",true,"Standards specifications"
9229,"option 3",true,"Research publications"
9230,"option 2",false,"Research publications"
9231,"option 4",false,"Standards specifications"
9232,"option 1",true,"Research publications"
9233,"option 1",false,"Research publications"
9234,"option 1",false,"Research publications"
9235,"option 1",true,"Research publications"
9236,"option 3",true,"Research overview"
9237,"option 4",false,"Standards specifications"
9238,"option 5",true,"Research publications"
9239,"option 4",false,"Research overview"
9240,"option 2",true,"Research publications"
9241,"option 3",false,"Research overview"
9242,"option 3",true,"Standards overview"
9243,"option 1",false,"Standards overview"
9244,"option 2",false,"Standards specifications"
9245,"option 2",false,"Research overview"
9246,"option 5",true,"Standards specifications"
9247,"option 1",true,"Research overview"
9248,"option 2",false,"Research publications"
9249,"option 2",true,"Research overview"
9250,"option 5",true,"Research publications"
9251,"option 3",true,"Research overview"
9252,"option 5",true,"Standards overview"
9253,"option 3",true,"Research publications"
9254,"option 3",true,"Research publications"
9255,"option 4",true,"Standards overview"
9256,"option 5",true,"Standards specifications"
9257,"option 1",true,"Research publications"
9258,"option 2",true,"Research publications"
9259,"option 1",false,"Standards overview"
9260,"option 1",false,"Research publications"
9261,"option 3",true,"Research overview"
9262,"option 4",true,"Research publications"
9263,"option 5",true,"Standards overview"
9264,"option 2",false,"Standards specifications"
9265,"option 2",true,"Research overview"
9266,"option 4",true,"Research publications"
9267,"option 2",true,"Research publications"
9268,"option 2",false,"Standards overview"
9269,"option 2",true,"Standards specifications"
9270,"option 3",false,"Research publications"
9271,"option 1",false,"Research overview"
9272,"option 1",true,"Research publications"
9273,"option 4",true,"Research overview"
9274,"option 2",true,"Lexicon"
9275,"option 1",false,"Research overview"
9276,"option 1",true,"Lexicon"
9277,"option 4",false,"Standards specifications"
9278,"option 2",false,"Research publications"
9279,"option 1",false,"Research publications"
9280,"option 3",true,"Standards specifications"
9281,"option 1",true,"Research publications"
9282,"option 1",true,"Standards specifications"
9283,"option 1",true,"Research publications"
9284,"option 1",true,"Standards specifications"
9285,"option 2",true,"Research publications"
9286,"option 3",false,"Research publications"
9287,"option 4",true,"Research publications"
9288,"option 1",false,"Research publications"
9289,"option 3",true,"Lexicon"
9290,"option 1",true,"Standards specifications"
9291,"option 1",true,"Standards specifications"
9292,"option 2",true,"Research publications"
9293,"option 2",false,"Research overview"
9294,"option 3",true,"Research overview"
9295,"option 1",false,"Standards specifications"
9296,"option 2",false,"Research publications"
9297,"option 1",false,"Research overview"
9298,"option 3",true,"Research publications"
9299,"option 2",true,"Standards overview"
9300,"option 4",true,"Standards specifications"
9301,"option 4",true,"Research overview"
9302,"option 1",true,"Research publications"
9303,"option 3",false,"Research publications"
9304,"option 1",false,"Standards specifications"
9305,"option 1",true,"Standards overview"
9306,"option 2",true,"Lexicon"
9307,"option 1",true,"Research publications"
9308,"option 2",true,"Standards specifications"
9309,"option 1",true,"Standards specifications"
9310,"option 4",true,"Research publications"
9311,"option 1",true,"Research publications"
9312,"option 5",false,"Lexicon"
9313,"option 5",true,"Research overview"
9314,"option 3",false,"Standards specifications"
9315,"option 2",true,"Research publications"
9316,"option 4",false,"Research overview"
9317,"option 1",false,"Standards overview"
9318,"option 2",true,"Standards overview"
9319,"option 3",false,"Standards specifications"
9320,"option 3",true,"Research overview"
9321,"option 5",true,"Research publications"
9322,"option 2",false,"Standards overview"
9323,"option 1",false,"Standards specifications"
9324,"option 2",false,"Standards overview"
9325,"option 1",true,"Research publications"
9326,"option 1",true,"Research publications"
9327,"option 3",true,"Standards specifications"
9328,"option 5",true,"Research overview"
9329,"option 3",false,"Standards overview"
9330,"option 4",false,"Research overview"
9331,"option 4",true,"Research publications"
9332,"option 5",false,"Research publications"
9333,"option 5",false,"Standards overview"
9334,"option 1",true,"Research overview"
9335,"option 2",true,"Research publications"
9336,"option 5",true,"Research publications"
9337,"option 2",false,"Research overview"
9338,"option 4",true,"Research publications"
9339,"option 5",true,"Standards specifications"
9340,"option 2",true,"Research publications"
9341,"option 4",true,"Research publications"
9342,"option 1",false,"Research publications"
9343,"option 1",true,"Research overview"
9344,"option 4",true,"Standards specifications"
9345,"option 1",true,"Research publications"
9346,"option 1",false,"Standards specifications"
9347,"option 1",true,"Research publications"
9348,"option 5",true,"Research publications"
9349,"option 1",true,"Research publications"
9350,"option 2",true,"Research publications"
9351,"option 4",true,"Research publications"
9352,"option 2",true,"Research publications"
9353,"option 3",true,"Research publications"
9354,"option 5",false,"Research publications"
9355,"option 3",true,"Standards specifications"
9356,"option 3",true,"Research publications"
9357,"option 4",true,"Lexicon"
9358,"option 2",true,"Research overview"
9359,"option 5",false,"Standards specifications"
9360,"option 2",true,"Standards overview"
9361,"option 3",true,"Research overview"
9362,"option 1",true,"Research publications"
9363,"option 1",false,"Research publications"
9364,"option 1",true,"Research overview"
9365,"option 3",true,"Research publications"
9366,"option 2",true,"Standards overview"
9367,"option 2",true,"Research publications"
9368,"option 1",false,"Research publications"
9369,"option 4",true,"Research publications"
9370,"option 3",false,"Research publications"
9371,"option 1",false,"Standards specifications"
9372,"option 5",false,"Research publications"
9373,"option 2",false,"Lexicon"
9374,"option 4",true,"Standards overview"
9375,"option 5",true,"Research publications"
9376,"option 4",true,"Research publications"
9377,"option 1",true,"Standards specifications"
9378,"option 2",true,"Research publications"
9379,"option 3",true,"Standards specifications"
9380,"option 1",true,"Standards specifications"
9381,"option 3",true,"Research publications"
9382,"option 5",true,"Research publications"
9383,"option 4",true,"Research overview"
9384,"option 3",true,"Research publications"
9385,"option 1",false,"Standards specifications"
9386,"option 2",true,"Research publications"
9387,"option 4",true,"Research publications"
9388,"option 4",true,"Standards specifications"
9389,"option 1",false,"Standards specifications"
9390,"option 2",true,"Standards specifications"
9391,"option 3",true,"Research overview"
9392,"option 2",true,"Research publications"
9393,"option 1",true,"Lexicon"
9394,"option 4",false,"Standards specifications"
9395,"option 4",true,"Research publications"
9396,"option 1",false,"Standards specifications"
9397,"option 3",true,"Research publications"
9398,"option 1",true,"Research publications"
9399,"option 3",true,"Research publications"
9400,"option 5",false,"Standards specifications"
9401,"option 3",true,"Research overview"
9402,"option 4",true,"Research publications"
9403,"option 2",false,"Standards specifications"
9404,"option 1",true,"Research publications"
9405,"option 2",true,"Research publications"
9406,"option 4",true,"Research publications"
9407,"option 3",true,"Research publications"
9408,"option 4",true,"Research publications"
9409,"option 1",false,"Research overview"
9410,"option 3",true,"Research publications"
9411,"option 1",true,"Research publications"
9412,"option 4",true,"Research publications"
9413,"option 3",true,"Standards specifications"
9414,"option 1",false,"Standards specifications"
9415,"option 4",false,"Research overview"
9416,"option 3",true,"Research publications"
9417,"option 1",true,"Standards specifications"
9418,"option 3",false,"Lexicon"
9419,"option 2",true,"Research overview"
9420,"option 5",true,"Lexicon"
9421,"option 1",true,"Standards specifications"
9422,"option 3",true,"Lexicon"
9423,"option 1",true,"Research overview"
9424,"option 2",true,"Standards specifications"
9425,"option 1",true,"Research overview"
9426,"option 2",false,"Standards specifications"
9427,"option 5",true,"Research overview"
9428,"option 4",false,"Research publications"
9429,"option 3",true,"Research publications"
9430,"option 3",false,"Research publications"
9431,"option 4",true,"Research publications"
9432,"option 2",true,"Standards specifications"
9433,"option 1",false,"Research overview"
9434,"option 5",true,"Standards specifications"
9435,"option 3",false,"Standards specifications"
9436,"option 1",false,"Research overview"
9437,"option 4",false,"Research publications"
9438,"option 1",false,"Research publications"
9439,"option 1",false,"Research publications"
9440,"option 4",true,"Standards overview"
9441,"option 4",true,"Research overview"
9442,"option 4",true,"Standards specifications"
9443,"option 5",true,"Standards specifications"
9444,"option 1",false,"Standards specifications"
9445,"option 1",false,"Research publications"
9446,"option 3",true,"Research publications"
9447,"option 2",true,"Standards specifications"
9448,"option 1",true,"Research publications"
9449,"option 2",true,"Research publications"
9450,"option 1",true,"Research publications"
9451,"option 2",true,"Standards overview"
9452,"option 1",false,"Research publications"
9453,"option 4",true,"Lexicon"
9454,"option 3",true,"Standards specifications"
9455,"option 1",true,"Research publications"
9456,"option 2",true,"Standards specifications"
9457,"option 3",true,"Standards overview"
9458,"option 5",true,"Research publications"
9459,"option 4",true,"Standards specifications"
9460,"option 2",true,"Standards overview"
9461,"option 2",true,"Research overview"
9462,"option 4",true,"Standards specifications"
9463,"option 1",true,"Research publications"
9464,"option 3",false,"Standards specifications"
9465,"option 5",false,"Research overview"
9466,"option 1",false,"Research overview"
9467,"option 2",false,"Standards specifications"
9468,"option 5",false,"Standards overview"
9469,"option 2",false,"Research publications"
9470,"option 2",true,"Standards specifications"
9471,"option 3",false,"Standards specifications"
9472,"option 4",false,"Research publications"
9473,"option 1",true,"Research publications"
9474,"option 2",true,"Research publications"
9475,"option 4",true,"Research publications"
9476,"option 3",true,"Research publications"
9477,"option 4",true,"Research overview"
9478,"option 4",true,"Research publications"
9479,"option 4",false,"Research publications"
9480,"option 1",true,"Research overview"
9481,"option 4",true,"Lexicon"
9482,"option 2",true,"Research publications"
9483,"option 1",false,"Research overview"
9484,"option 3",true,"Research publications"
9485,"option 3",false,"Standards overview"
9486,"option 1",true,"Research overview"
9487,"option 1",true,"Standards specifications"
9488,"option 2",true,"Standards overview"
9489,"option 1",true,"Research overview"
9490,"option 4",true,"Research publications"
9491,"option 4",true,"Research publications"
9492,"option 1",false,"Research publications"
9493,"option 3",false,"Research overview"
9494,"option 4",true,"Research overview"
9495,"option 3",false,"Research publications"
9496,"option 5",true,"Research publications"
9497,"option 1",true,"Research publications"
9498,"option 4",false,"Research publications"
9499,"option 1",true,"Research publications"
9500,"option 2",true,"Research publications"
9501,"option 4",true,"Research overview"
9502,"option 2",true,"Research publications"
9503,"option 1",true,"Research publications"
9504,"option 4",true,"Standards specifications"
9505,"option 1",false,"Standards overview"
9506,"option 2",true,"Research overview"
9507,"option 4",true,"Standards overview"
9508,"option 1",true,"Research publications"
9509,"option 4",false,"Research overview"
9510,"option 2",false,"Research publications"
9511,"option 5",true,"Standards specifications"
9512,"option 2",false,"Research overview"
9513,"option 4",false,"Standards specifications"
9514,"option 1",true,"Research publications"
9515,"option 3",false,"Research publications"
9516,"option 1",false,"Standards specifications"
9517,"option 1",true,"Research overview"
9518,"option 1",false,"Research publications"
9519,"option 4",true,"Research publications"
9520,"option 4",true,"Research publications"
9521,"option 5",true,"Research publications"
9522,"option 3",false,"Research publications"
9523,"option 2",true,"Research publications"
9524,"option 1",true,"Standards specifications"
9525,"option 1",true,"Research publications"
9526,"option 5",true,"Standards specifications"
9527,"option 1",true,"Research publications"
9528,"option 3",true,"Research publications"
9529,"option 2",true,"Research publications"
9530,"option 1",true,"Standards overview"
9531,"option 1",true,"Research overview"
9532,"option 3",false,"Research overview"
9533,"option 1",false,"Standards specifications"
9534,"option 5",true,"Research publications"
9535,"option 1",true,"Lexicon"
9536,"option 1",false,"Research publications"
9537,"option 5",true,"Research publications"
9538,"option 1",false,"Research publications"
9539,"option 1",false,"Standards specifications"
9540,"option 4",true,"Research overview"
9541,"option 2",true,"Research publications"
9542,"option 4",true,"Research overview"
9543,"option 2",false,"Standards specifications"
9544,"option 1",false,"Research publications"
9545,"option 1",false,"Standards specifications"
9546,"option 1",true,"Research overview"
9547,"option 1",false,"Standards specifications"
9548,"option 2",true,"Research publications"
9549,"option 1",false,"Standards specifications"
9550,"option 1",false,"Research publications"
9551,"option 1",true,"Research overview"
9552,"option 3",false,"Research overview"
9553,"option 4",true,"Research publications"
9554,"option 1",true,"Standards specifications"
9555,"option 1",true,"Standards overview"
9556,"option 1",true,"Research publications"
9557,"option 1",true,"Standards specifications"
9558,"option 5",true,"Research publications"
9559,"option 3",true,"Standards overview"
9560,"option 1",true,"Research publications"
9561,"option 3",true,"Standards specifications"
9562,"option 4",true,"Research publications"
9563,"option 3",true,"Research overview"
9564,"option 4",true,"Research publications"
9565,"option 4",false,"Research overview"
9566,"option 5",true,"Research overview"
9567,"option 4",true,"Standards overview"
9568,"option 2",true,"Research publications"
9569,"option 5",true,"Research publications"
9570,"option 3",false,"Standards specifications"
9571,"option 2",true,"Standards specifications"
9572,"option 2",true,"Research publications"
9573,"option 4",true,"Research publications"
9574,"option 1",true,"Lexicon"
9575,"option 1",true,"Research overview"
9576,"option 3",true,"Standards overview"
9577,"option 3",false,"Research publications"
9578,"option 2",true,"Standards specifications"
9579,"option 2",true,"Standards specifications"
9580,"option 3",false,"Research overview"
9581,"option 3",true,"Research publications"
9582,"option 1",false,"Research overview"
9583,"option 3",true,"Research publications"
9584,"option 5",false,"Research publications"
9585,"option 4",false,"Standards overview"
9586,"option 4",true,"Standards overview"
9587,"option 1",true,"Standards specifications"
9588,"option 3",true,"Lexicon"
9589,"option 4",false,"Research publications"
9590,"option 5",true,"Research publications"
9591,"option 5",true,"Research publications"
9592,"option 1",true,"Research overview"
9593,"option 5",true,"Research publications"
9594,"option 5",true,"Research publications"
9595,"option 3",false,"Standards overview"
9596,"option 1",true,"Standards specifications"
9597,"option 1",false,"Standards specifications"
9598,"option 4",false,"Research publications"
9599,"option 2",false,"Research publications"
9600,"option 3",false,"Research overview"
9601,"option 2",true,"Research publications"
9602,"option 1",true,"Standards overview"
9603,"option 5",true,"Research publications"
9604,"option 2",false,"Research publications"
9605,"option 1",true,"Research overview"
9606,"option 4",false,"Research publications"
9607,"option 2",false,"Standards specifications"
9608,"option 1",true,"Research publications"
9609,"option 1",true,"Research overview"
9610,"option 2",true,"Standards overview"
9611,"option 1",false,"Research publications"
9612,"option 4",true,"Standards specifications"
9613,"option 1",true,"Standards specifications"
9614,"option 2",false,"Research overview"
9615,"option 3",false,"Research publications"
9616,"option 1",true,"Research publications"
9617,"option 3",true,"Standards specifications"
9618,"option 1",true,"Research publications"
9619,"option 2",false,"Research publications"
9620,"option 5",true,"Research overview"
9621,"option 2",true,"Research overview"
9622,"option 2",true,"Research publications"
9623,"option 4",true,"Standards specifications"
9624,"option 4",true,"Research overview"
9625,"option 4",true,"Research publications"
9626,"option 4",true,"Standards specifications"
9627,"option 1",true,"Research publications"
9628,"option 2",true,"Research overview"
9629,"option 5",true,"Research overview"
9630,"option 4",true,"Standards specifications"
9631,"option 1",false,"Standards specifications"
9632,"option 5",false,"Research overview"
9633,"option 4",true,"Standards specifications"
9634,"option 3",true,"Research publications"
9635,"option 1",false,"Research publications"
9636,"option 1",true,"Research overview"
9637,"option 3",true,"Standards specifications"
9638,"option 1",false,"Research overview"
9639,"option 4",true,"Lexicon"
9640,"option 1",false,"Research publications"
9641,"option 3",true,"Standards specifications"
9642,"option 4",true,"Research publications"
9643,"option 3",true,"Research publications"
9644,"option 4",true,"Research overview"
9645,"option 4",true,"Research publications"
9646,"option 4",true,"Research publications"
9647,"option 4",false,"Research publications"
9648,"option 5",true,"Research overview"
9649,"option 5",true,"Research overview"
9650,"option 2",true,"Standards specifications"
9651,"option 3",true,"Research overview"
9652,"option 3",true,"Research publications"
9653,"option 5",true,"Standards specifications"
9654,"option 5",true,"Research publications"
9655,"option 1",true,"Standards overview"
9656,"option 5",true,"Standards specifications"
9657,"option 2",true,"Standards specifications"
9658,"option 4",true,"Research overview"
9659,"option 1",true,"Standards specifications"
9660,"option 1",false,"Research overview"
9661,"option 1",true,"Research publications"
9662,"option 1",false,"Research publications"
9663,"option 1",true,"Research publications"
9664,"option 2",false,"Standards overview"
9665,"option 1",false,"Research publications"
9666,"option 4",false,"Research publications"
9667,"option 1",true,"Research publications"
9668,"option 1",false,"Research overview"
9669,"option 4",false,"Research publications"
9670,"option 5",true,"Research publications"
9671,"option 1",true,"Research publications"
9672,"option 4",true,"Research publications"
9673,"option 2",true,"Standards overview"
9674,"option 4",false,"Standards specifications"
9675,"option 5",true,"Research publications"
9676,"option 3",false,"Standards overview"
9677,"option 4",true,"Research publications"
9678,"option 1",false,"Standards specifications"
9679,"option 4",true,"Research publications"
9680,"option 1",false,"Standards specifications"
9681,"option 4",true,"Research publications"
9682,"option 2",true,"Standards specifications"
9683,"option 5",true,"Research publications"
9684,"option 2",false,"Research publications"
9685,"option 4",true,"Standards specifications"
9686,"option 4",true,"Standards specifications"
9687,"option 2",true,"Research overview"
9688,"option 1",true,"Research publications"
9689,"option 5",true,"Research publications"
9690,"option 5",true,"Research overview"
9691,"option 4",true,"Research publications"
9692,"option 5",true,"Standards overview"
9693,"option 3",true,"Research overview"
9694,"option 3",true,"Research publications"
9695,"option 3",true,"Research publications"
9696,"option 4",true,"Research publications"
9697,"option 1",false,"Research publications"
9698,"option 2",true,"Standards specifications"
9699,"option 2",true,"Research overview"
9700,"option 2",true,"Research overview"
9701,"option 3",true,"Research overview"
9702,"option 4",false,"Research publications"
9703,"option 1",true,"Standards specifications"
9704,"option 4",true,"Research publications"
9705,"option 4",false,"Standards specifications"
9706,"option 3",true,"Research publications"
9707,"option 1",false,"Standards specifications"
9708,"option 2",false,"Research publications"
9709,"option 3",true,"Standards overview"
9710,"option 1",false,"Standards specifications"
9711,"option 3",false,"Research publications"
9712,"option 1",false,"Research overview"
9713,"option 1",true,"Standards specifications"
9714,"option 4",true,"Research publications"
9715,"option 1",false,"Research publications"
9716,"option 2",true,"Research publications"
9717,"option 4",false,"Standards specifications"
9718,"option 2",false,"Research publications"
9719,"option 3",false,"Standards specifications"
9720,"option 3",true,"Research publications"
9721,"option 1",true,"Research overview"
9722,"option 4",false,"Research overview"
9723,"option 4",true,"Research publications"
9724,"option 2",true,"Research overview"
9725,"option 3",true,"Research publications"
9726,"option 5",true,"Research publications"
9727,"option 2",true,"Lexicon"
9728,"option 4",true,"Standards specifications"
9729,"option 5",true,"Research overview"
9730,"option 3",true,"Lexicon"
9731,"option 1",false,"Research publications"
9732,"option 3",false,"Research publications"
9733,"option 4",true,"Research publications"
9734,"option 2",true,"Standards overview"
9735,"option 4",true,"Research overview"
9736,"option 2",true,"Research overview"
9737,"option 1",true,"Research publications"
9738,"option 3",false,"Standards specifications"
9739,"option 4",true,"Lexicon"
9740,"option 1",false,"Research overview"
9741,"option 5",true,"Standards specifications"
9742,"option 2",false,"Research publications"
9743,"option 2",false,"Standards overview"
9744,"option 3",true,"Research publications"
9745,"option 1",false,"Standards specifications"
9746,"option 1",false,"Research publications"
9747,"option 5",true,"Standards overview"
9748,"option 3",true,"Research publications"
9749,"option 1",true,"Research publications"
9750,"option 3",true,"Research publications"
9751,"option 1",true,"Standards specifications"
9752,"option 3",true,"Research publications"
9753,"option 4",false,"Research publications"
9754,"option 3",true,"Standards specifications"
9755,"option 4",true,"Research publications"
9756,"option 5",false,"Research publications"
9757,"option 3",true,"Lexicon"
9758,"option 3",true,"Research publications"
9759,"option 4",true,"Standards overview"
9760,"option 1",true,"Research publications"
9761,"option 2",false,"Research publications"
9762,"option 5",false,"Research publications"
9763,"option 1",false,"Research publications"
9764,"option 5",false,"Research publications"
9765,"option 4",true,"Standards specifications"
9766,"option 3",true,"Research publications"
9767,"option 5",true,"Standards specifications"
9768,"option 1",false,"Research overview"
9769,"option 2",true,"Standards specifications"
9770,"option 1",false,"Research overview"
9771,"option 1",false,"Research publications"
9772,"option 1",false,"Research overview"
9773,"option 1",false,"Research publications"
9774,"option 4",true,"Research publications"
9775,"option 2",true,"Research publications"
9776,"option 1",true,"Standards specifications"
9777,"option 4",true,"Standards specifications"
9778,"option 1",true,"Research publications"
9779,"option 1",true,"Research publications"
9780,"option 3",true,"Standards specifications"
9781,"option 1",false,"Standards specifications"
9782,"option 2",false,"Research publications"
9783,"option 1",true,"Research publications"
9784,"option 3",true,"Research publications"
9785,"option 4",true,"Research publications"
9786,"option 3",true,"Standards overview"
9787,"option 2",false,"Research overview"
9788,"option 5",true,"Research publications"
9789,"option 1",true,"Research publications"
9790,"option 1",true,"Research overview"
9791,"option 1",false,"Standards specifications"
9792,"option 1",true,"Standards overview"
9793,"option 1",true,"Research publications"
9794,"option 4",true,"Standards overview"
9795,"option 4",true,"Lexicon"
9796,"option 5",true,"Standards specifications"
9797,"option 3",false,"Standards specifications"
9798,"option 3",true,"Standards overview"
9799,"option 4",false,"Research overview"
9800,"option 1",true,"Research publications"
9801,"option 1",true,"Research overview"
9802,"option 5",true,"Lexicon"
9803,"option 1",true,"Research publications"
9804,"option 5",true,"Standards specifications"
9805,"option 5",true,"Lexicon"
9806,"option 4",false,"Standards overview"
9807,"option 1",false,"Standards specifications"
9808,"option 1",true,"Research publications"
9809,"option 2",true,"Research overview"
9810,"option 3",true,"Standards overview"
9811,"option 1",true,"Research publications"
9812,"option 5",true,"Research publications"
9813,"option 2",false,"Standards specifications"
9814,"option 2",true,"Research publications"
9815,"option 3",true,"Research publications"
9816,"option 2",true,"Research publications"
9817,"option 3",true,"Research overview"
9818,"option 2",false,"Standards specifications"
9819,"option 4",true,"Research publications"
9820,"option 1",false,"Standards specifications"
9821,"option 2",false,"Research publications"
9822,"option 4",true,"Standards overview"
9823,"option 1",true,"Standards specifications"
9824,"option 5",true,"Research publications"
9825,"option 2",false,"Research publications"
9826,"option 2",true,"Research overview"
9827,"option 2",true,"Standards specifications"
9828,"option 1",true,"Research publications"
9829,"option 5",true,"Research publications"
9830,"option 3",true,"Research publications"
9831,"option 3",false,"Standards specifications"
9832,"option 1",false,"Standards specifications"
9833,"option 1",true,"Research overview"
9834,"option 2",false,"Standards specifications"
9835,"option 4",true,"Standards specifications"
9836,"option 3",false,"Standards specifications"
9837,"option 3",true,"Standards overview"
9838,"option 1",true,"Standards specifications"
9839,"option 1",true,"Research overview"
9840,"option 4",true,"Research publications"
9841,"option 2",false,"Standards specifications"
9842,"option 3",true,"Research publications"
9843,"option 4",false,"Research overview"
9844,"option 3",true,"Research publications"
9845,"option 1",true,"Standards overview"
9846,"option 2",true,"Research overview"
9847,"option 3",true,"Lexicon"
9848,"option 5",true,"Research overview"
9849,"option 5",true,"Standards overview"
9850,"option 4",false,"Research overview"
9851,"option 1",true,"Research publications"
9852,"option 1",false,"Standards overview"
9853,"option 4",false,"Standards specifications"
9854,"option 5",false,"Research publications"
9855,"option 2",true,"Research publications"
9856,"option 3",false,"Research overview"
9857,"option 2",false,"Standards specifications"
9858,"option 1",false,"Standards specifications"
9859,"option 2",false,"Research publications"
9860,"option 2",true,"Research overview"
9861,"option 1",true,"Research publications"
9862,"option 3",true,"Research publications"
9863,"option 3",false,"Research publications"
9864,"option 3",false,"Research overview"
9865,"option 4",false,"Standards overview"
9866,"option 3",true,"Research publications"
9867,"option 1",false,"Research publications"
9868,"option 3",true,"Standards specifications"
9869,"option 2",true,"Research publications"
9870,"option 1",true,"Research overview"
9871,"option 2",true,"Research publications"
9872,"option 1",true,"Standards overview"
9873,"option 3",false,"Research publications"
9874,"option 2",true,"Standards specifications"
9875,"option 4",true,"Research overview"
9876,"option 3",true,"Standards overview"
9877,"option 2",true,"Lexicon"
9878,"option 3",true,"Research publications"
9879,"option 1",false,"Research publications"
9880,"option 1",false,"Standards specifications"
9881,"option 3",false,"Standards specifications"
9882,"option 5",false,"Research publications"
9883,"option 3",false,"Research publications"
9884,"option 1",false,"Research publications"
9885,"option 1",false,"Research publications"
9886,"option 2",false,"Standards specifications"
9887,"option 1",false,"Lexicon"
9888,"option 2",true,"Research overview"
9889,"option 4",false,"Standards specifications"
9890,"option 1",true,"Research publications"
9891,"option 1",false,"Standards specifications"
9892,"option 2",false,"Standards specifications"
9893,"option 1",true,"Research publications"
9894,"option 3",false,"Standards specifications"
9895,"option 1",true,"Research publications"
9896,"option 3",false,"Research publications"
9897,"option 3",true,"Research publications"
9898,"option 3",false,"Standards specifications"
9899,"option 5",true,"Research publications"
9900,"option 1",true,"Research overview"
9901,"option 4",false,"Standards specifications"
9902,"option 1",false,"Research publications"
9903,"option 1",true,"Research publications"
9904,"option 1",false,"Research publications"
9905,"option 1",false,"Research publications"
9906,"option 3",false,"Research publications"
9907,"option 1",false,"Standards overview"
9908,"option 2",true,"Research publications"
9909,"option 4",true,"Research publications"
9910,"option 3",false,"Research publications"
9911,"option 1",false,"Research publications"
9912,"option 4",false,"Research publications"
9913,"option 3",false,"Research overview"
9914,"option 1",true,"Research publications"
9915,"option 1",false,"Research overview"
9916,"option 3",true,"Research publications"
9917,"option 3",true,"Research publications"
9918,"option 5",true,"Research overview"
9919,"option 2",true,"Research publications"
9920,"option 4",true,"Research publications"
9921,"option 1",false,"Research overview"
9922,"option 5",false,"Research publications"
9923,"option 4",true,"Research publications"
9924,"option 1",false,"Research publications"
9925,"option 1",true,"Standards specifications"
9926,"option 3",true,"Standards specifications"
9927,"option 2",false,"Standards specifications"
9928,"option 2",true,"Research overview"
9929,"option 3",true,"Research overview"
9930,"option 1",true,"Standards specifications"
9931,"option 2",true,"Research publications"
9932,"option 1",false,"Research overview"
9933,"option 3",true,"Research publications"
9934,"option 1",true,"Research publications"
9935,"option 1",false,"Standards overview"
9936,"option 1",false,"Standards overview"
9937,"option 3",true,"Research overview"
9938,"option 5",true,"Research overview"
9939,"option 4",false,"Research publications"
9940,"option 4",true,"Lexicon"
9941,"option 1",true,"Standards specifications"
9942,"option 4",true,"Research overview"
9943,"option 3",true,"Research publications"
9944,"option 2",true,"Standards specifications"
9945,"option 4",true,"Standards overview"
9946,"option 4",true,"Standards specifications"
9947,"option 1",true,"Lexicon"
9948,"option 5",true,"Lexicon"
9949,"option 2",true,"Standards specifications"
9950,"option 2",true,"Lexicon"
9951,"option 3",true,"Research overview"
9952,"option 1",false,"Research publications"
9953,"option 1",false,"Standards overview"
9954,"option 1",false,"Research overview"
9955,"option 4",false,"Research publications"
9956,"option 1",true,"Research publications"
9957,"option 4",true,"Standards specifications"
9958,"option 2",false,"Research overview"
9959,"option 3",false,"Research overview"
9960,"option 2",true,"Lexicon"
9961,"option 3",true,"Research publications"
9962,"option 5",true,"Standards specifications"
9963,"option 4",false,"Research publications"
9964,"option 3",false,"Research publications"
9965,"option 3",false,"Research publications"
9966,"option 4",false,"Research publications"
9967,"option 3",true,"Research overview"
9968,"option 5",true,"Research publications"
9969,"option 1",false,"Standards overview"
9970,"option 1",true,"Research publications"
9971,"option 3",false,"Research publications"
9972,"option 4",true,"Research publications"
9973,"option 1",true,"Research overview"
9974,"option 2",false,"Standards specifications"
9975,"option 3",false,"Standards specifications"
9976,"option 1",false,"Standards specifications"
9977,"option 2",false,"Research publications"
9978,"option 1",false,"Lexicon"
9979,"option 2",false,"Research publications"
9980,"option 3",true,"Research publications"
9981,"option 1",true,"Research overview"
9982,"option 2",true,"Research publications"
9983,"option 3",true,"Research overview"
9984,"option 1",false,"Standards overview"
9985,"option 3",true,"Research publications"
9986,"option 1",true,"Standards specifications"
9987,"option 2",true,"Standards overview"
9988,"option 2",true,"Research overview"
9989,"option 1",true,"Lexicon"
9990,"option 2",false,"Research publications"
9991,"option 4",true,"Research overview"
9992,"option 1",true,"Standards specifications"
9993,"option 2",true,"Research overview"
9994,"option 4",false,"Standards specifications"
9995,"option 3",false,"Research publications"
9996,"option 3",true,"Standards overview"
9997,"option 1",false,"Research publications"
9998,"option 2",true,"Research overview"
